CASE_ID,ACCIDENT_YEAR,PROC_DATE,JURIS,COLLISION_DATE,COLLISION_TIME,OFFICER_ID,REPORTING_DISTRICT,DAY_OF_WEEK,CHP_SHIFT,POPULATION,CNTY_CITY_LOC,SPECIAL_COND,BEAT_TYPE,CHP_BEAT_TYPE,CITY_DIVISION_LAPD,CHP_BEAT_CLASS,BEAT_NUMBER,PRIMARY_RD,SECONDARY_RD,DISTANCE,DIRECTION,INTERSECTION,WEATHER_1,WEATHER_2,STATE_HWY_IND,CALTRANS_COUNTY,CALTRANS_DISTRICT,STATE_ROUTE,ROUTE_SUFFIX,POSTMILE_PREFIX,POSTMILE,LOCATION_TYPE,RAMP_INTERSECTION,SIDE_OF_HWY,TOW_AWAY,COLLISION_SEVERITY,NUMBER_KILLED,NUMBER_INJURED,PARTY_COUNT,PRIMARY_COLL_FACTOR,PCF_CODE_OF_VIOL,PCF_VIOL_CATEGORY,PCF_VIOLATION,PCF_VIOL_SUBSECTION,HIT_AND_RUN,TYPE_OF_COLLISION,MVIW,PED_ACTION,ROAD_SURFACE,ROAD_COND_1,ROAD_COND_2,LIGHTING,CONTROL_DEVICE,CHP_ROAD_TYPE,PEDESTRIAN_ACCIDENT,BICYCLE_ACCIDENT,MOTORCYCLE_ACCIDENT,TRUCK_ACCIDENT,NOT_PRIVATE_PROPERTY,ALCOHOL_INVOLVED,STWD_VEHTYPE_AT_FAULT,CHP_VEHTYPE_AT_FAULT,COUNT_SEVERE_INJ,COUNT_VISIBLE_INJ,COUNT_COMPLAINT_PAIN,COUNT_PED_KILLED,COUNT_PED_INJURED,COUNT_BICYCLIST_KILLED,COUNT_BICYCLIST_INJURED,COUNT_MC_KILLED,COUNT_MC_INJURED,PRIMARY_RAMP,SECONDARY_RAMP,LATITUDE,LONGITUDE,COUNTY,CITY,POINT_X,POINT_Y
82189740,2023,2023-10-04,1912,2023-01-05,2010,15490,,4,5,6,1912,0,0,0,,0,,"ALAMEDA AVENUE",GATEWAY,97.00,W,N,B,-,N,,,,,,,,,,Y,3,0,1,1,A,-,01,23152,F,N,E,I,A,B,H,-,C,A,0,,,,,Y,Y,A,01,0,1,0,0,0,0,0,0,0,"- ","- ",34.173511505126953,-118.30075836181641,"LOS ANGELES",BURBANK,-118.30082702636719,34.173427581787109
82189742,2023,2023-10-05,1912,2023-01-07,1200,15508,,6,5,6,1912,0,0,0,,0,,"FREDERIC STREET","OLIVE AVENUE (S)",4.00,W,N,A,-,N,,,,,,,,,,N,4,0,1,2,A,-,03,22350,,F,C,C,A,A,H,-,A,D,0,,,,,Y,Y,A,07,0,0,1,0,0,0,0,0,0,"- ","- ",34.160438537597656,-118.33029937744141,"LOS ANGELES",BURBANK,,
82189744,2023,2023-10-04,1912,2023-01-09,"830 ",15680,1912,1,5,6,1912,0,0,0,,0,00J,"SOUTHBOUND HOLLYWOOD WAY ACCESS ROAD","EMPIRE AVENUE",0.00,,Y,C,-,N,,,,,,,,,,N,4,0,1,2,A,-,03,22350,,N,C,C,A,B,H,-,A,A,0,,,,,Y,,A,01,0,0,1,0,0,0,0,0,0,"- ","- ",34.192298889160156,-118.34893035888672,"LOS ANGELES",BURBANK,-118.34947699999999,34.192362000000003
82189746,2023,2023-10-04,1912,2023-01-09,"915 ",11832,,1,5,6,1912,0,0,0,,0,,"BURBANK BOULEVARD","SAN FERNANDO BOULEVARD",50.00,W,N,C,-,N,,,,,,,,,,N,4,0,1,2,A,-,07,21658,A,M,B,C,A,B,H,-,A,A,0,,,,,Y,,A,01,0,0,1,0,0,0,0,0,0,"- ","- ",34.186271667480469,-118.31606292724609,"LOS ANGELES",BURBANK,-118.31622314453125,34.186168670654297
82189748,2023,2023-10-04,1912,2023-01-09,1202,15680,1912,1,5,6,1912,0,0,0,,0,00A,"SAN FERNANDO BOULEVARD","HOLLYWOOD WAY",635.00,N,N,C,-,N,,,,,,,,,,N,4,0,1,2,D,-,00,,,N,B,C,A,B,H,-,A,D,0,,,,,Y,,-,"- ",0,0,1,0,0,0,0,0,0,"- ","- ",34.205230712890625,-118.34867095947266,"LOS ANGELES",BURBANK,-118.35042572021484,34.2064208984375
82189760,2023,2023-10-05,1912,2023-01-12,1744,13813,,4,5,6,1912,0,0,0,,0,,"AMHERST DRIVE","3RD STREET",77.00,E,N,B,-,N,,,,,,,,,,N,2,0,2,3,A,-,06,21951,,N,G,B,B,A,H,-,C,D,0,Y,,Y,,Y,,C,02,1,1,0,0,1,0,0,0,1,"- ","- ",34.191108703613281,-118.31999206542969,"LOS ANGELES",BURBANK,-118.31977081298828,34.191261291503906
82189765,2023,2023-10-04,1912,2023-01-15,1720,9980,,7,5,6,1912,0,0,0,,0,,"OLIVE AVENUE","LAKE STREET",100.00,E,N,C,-,N,,,,,,,,,,N,4,0,1,3,A,-,01,23152,A,N,C,E,A,B,H,-,C,A,0,,,,,Y,Y,A,01,0,0,1,0,0,0,0,0,0,"- ","- ",34.175571441650391,-118.31433868408203,"LOS ANGELES",BURBANK,-118.31414031982422,34.175765991210938
82189766,2023,2023-10-04,1912,2023-01-15,2158,14609,1912,7,5,6,1912,0,0,0,,0,00J,"HOLLYWOOD WAY","AVON STREET",3.00,S,N,C,-,N,,,,,,,,,,Y,3,0,1,1,A,-,01,23152,A,N,E,I,A,B,H,-,C,A,0,,,,,Y,Y,A,01,0,1,0,0,0,0,0,0,0,"- ","- ",34.193210601806641,-118.34890747070312,"LOS ANGELES",BURBANK,-118.34893035888672,34.193531036376953
82189767,2023,2023-10-04,1912,2023-01-03,1313,13850,,2,5,6,1912,0,0,0,,0,,"GLENOAKS BOULEVARD","MAGNOLIA BOULEVARD",210.00,S,N,B,-,N,,,,,,,,,,Y,4,0,1,2,A,-,08,22107,,N,B,E,A,A,H,-,A,D,0,,,,,Y,,A,07,0,0,1,0,0,0,0,0,0,"- ","- ",,,"LOS ANGELES",BURBANK,-118.30869293212891,34.185005187988281
82189768,2023,2023-10-04,1912,2023-01-16,2155,15509,,1,5,6,1912,0,0,0,,0,,"BURBANK BOULEVARD","EDISON BOULEVARD",0.00,,Y,A,-,N,,,,,,,,,,N,4,0,2,2,A,-,08,22107,,N,D,C,A,A,H,-,C,A,0,,,,,Y,,A,01,0,0,2,0,0,0,0,0,0,"- ","- ",34.174720764160156,-118.35011291503906,"LOS ANGELES",BURBANK,-118.35025024414062,34.1746826171875
82189771,2023,2023-10-04,1912,2023-01-19,1723,14849,,4,5,6,1912,0,0,0,,0,,"THORNTON AVENUE","NAOMI STREET",0.00,,Y,C,-,N,,,,,,,,,,N,4,0,1,2,A,-,09,21804,A,N,D,C,A,B,H,-,C,A,0,,,,,Y,,A,01,0,0,1,0,0,0,0,0,0,"- ","- ",34.195461273193359,-118.34014892578125,"LOS ANGELES",BURBANK,-118.34013366699219,34.195552825927734
82189772,2023,2023-10-04,1912,2023-01-20,"717 ",11832,,5,5,6,1912,0,0,0,,0,,"VERDUGO AVENUE","FLORENCE STREET",0.00,,Y,A,-,N,,,,,,,,,,N,3,0,2,2,A,-,09,21802,A,N,D,C,A,A,H,-,A,A,0,,,,,Y,,A,01,0,1,1,0,0,0,0,0,0,"- ","- ",,,"LOS ANGELES",BURBANK,-118.33456420898438,34.164028167724609
82189773,2023,2023-10-05,1912,2023-01-20,"807 ",11832,,5,5,6,1912,0,0,0,,0,,"HOLLYWOOD WAY","CHANDLER BOULEVARD",550.00,N,N,A,-,N,,,,,,,,,,N,3,0,2,2,C,-,18,,,N,A,C,A,A,H,-,A,D,0,,,,,Y,,-,"- ",0,1,1,0,0,0,0,0,0,"- ","- ",,,"LOS ANGELES",BURBANK,-118.349365234375,34.172805786132812
82189774,2023,2023-10-04,1912,2023-01-20,1355,15454,,5,5,6,1912,0,0,0,,0,,"FRONT STREET","BURBANK BOULEVARD",630.00,S,N,A,-,N,,,,,,,,,,N,4,0,1,2,A,-,03,22350,,N,C,C,A,A,H,-,A,D,0,,,,,Y,,A,07,0,0,1,0,0,0,0,0,0,"- ","- ",34.185298919677734,-118.31865692138672,"LOS ANGELES",BURBANK,-118.31789398193359,34.183723449707031
82189775,2023,2023-10-04,1912,2023-01-20,1811,13813,,5,5,6,1912,0,0,0,,0,,"BUENA VISTA STREET","CHANDLER BOULEVARD",0.00,,Y,A,-,N,,,,,,,,,,N,3,0,1,2,A,-,03,22350,,N,D,G,A,A,H,-,C,A,0,,Y,,,Y,,L,04,0,1,0,0,0,0,1,0,0,"- ","- ",34.175498962402344,-118.33647918701172,"LOS ANGELES",BURBANK,-118.33645629882812,34.175464630126953
82189776,2023,2023-10-04,1912,2023-01-04,1728,12451,,3,5,6,1912,0,0,0,,0,,"BUENA VISTA STREET","EMPIRE AVENUE",131.00,N,N,C,-,N,,,,,,,,,,Y,4,0,1,2,A,-,09,21804,A,N,D,C,A,B,H,-,C,D,0,,,,,Y,,A,01,0,0,1,0,0,0,0,0,0,"- ","- ",34.191848754882812,-118.33802795410156,"LOS ANGELES",BURBANK,-118.33799743652344,34.192176818847656
82189777,2023,2023-10-04,1912,2023-01-04,1830,15454,,3,5,6,1912,0,0,0,,0,,"SAN FERNANDO BOULEVARD","BETHANY ROAD",45.00,S,Y,C,-,N,,,,,,,,,,N,4,0,1,2,A,-,08,22100,B,N,D,C,A,A,H,-,C,D,0,,,,,Y,,A,01,0,0,1,0,0,0,0,0,0,"- ","- ",34.189140319824219,-118.32026672363281,"LOS ANGELES",BURBANK,-118.32012939453125,34.189178466796875
82189778,2023,2023-10-11,1912,2023-01-05,"845 ",12451,,4,5,6,1912,0,0,0,,0,,"OAK STREET","PASS AVENUE",156.00,W,N,B,C,N,,,,,,,,,,N,2,0,1,2,A,-,09,21804,A,N,G,B,D,B,H,-,A,D,0,Y,,,,Y,,A,07,1,0,0,0,1,0,0,0,0,"- ","- ",34.156139373779297,-118.34628295898438,"LOS ANGELES",BURBANK,-118.34657287597656,34.156047821044922
82189779,2023,2023-10-04,1912,2023-01-05,1125,15454,,4,5,6,1912,0,0,0,,0,,"VICTORY BOULEVARD","CHANDLER BOULEVARD",0.00,,Y,A,-,N,,,,,,,,,,N,3,0,3,2,A,-,09,21801,A,N,D,C,A,A,H,-,A,A,0,,,,,Y,,A,07,0,3,0,0,0,0,0,0,0,"- ","- ",34.180759429931641,-118.32016754150391,"LOS ANGELES",BURBANK,-118.32002258300781,34.180747985839844
82191384,2023,2023-10-06,1912,2023-02-08,2249,15482,,3,5,6,1912,0,0,0,,0,,"SAN FERNANDO BOULEVARD","BUENA VISTA STREET",0.00,,Y,A,-,N,,,,,,,,,,Y,4,0,1,2,D,-,00,,,N,D,C,A,A,H,-,C,A,0,,,,,Y,,-,"- ",0,0,1,0,0,0,0,0,0,"- ","- ",34.197849273681641,-118.33789825439453,"LOS ANGELES",BURBANK,-118.337890625,34.197902679443359
82191385,2023,2023-10-05,1912,2023-02-09,"741 ",13387,,4,5,6,1912,0,0,0,,0,,"HOLLYWOOD WAY","TULARE AVENUE",160.00,S,N,A,-,N,,,,,,,,,,Y,4,0,2,3,A,-,09,21453,B,N,B,C,A,A,H,-,A,A,0,,,,,Y,,D,22,0,0,2,0,0,0,0,0,0,"- ","- ",34.203010559082031,-118.34874725341797,"LOS ANGELES",BURBANK,-118.34879302978516,34.202510833740234
82191386,2023,2023-10-05,1912,2023-02-09,"753 ",13813,,4,5,6,1912,0,0,0,,0,,"PASS AVENUE","MAGNOLIA BOULEVARD",0.00,,Y,A,-,N,,,,,,,,,,N,4,0,1,2,A,-,10,21950,A,N,G,B,B,A,H,-,A,A,0,Y,,,,Y,,A,01,0,0,1,0,1,0,0,0,0,"- ","- ",34.166458129882812,-118.35104370117188,"LOS ANGELES",BURBANK,-118.35102081298828,34.166519165039062
82191388,2023,2023-10-05,1912,2023-02-10,"836 ",13813,,5,5,6,1912,0,0,0,,0,,"OLIVE AVENUE","HOLLYWOOD WAY",0.00,,Y,A,-,N,,,,,,,,,,N,3,0,2,2,A,-,09,21801,A,N,D,C,A,A,H,-,A,A,0,,,,,Y,,A,01,0,1,1,0,0,0,0,0,0,"- ","- ",34.151931762695312,-118.33925628662109,"LOS ANGELES",BURBANK,-118.33933258056641,34.1519775390625
82191390,2023,2023-10-06,1912,2023-02-10,1605,12451,,5,5,6,1912,0,0,0,,0,,"VANOWEN STREET","VALLEY STREET",150.00,E,N,A,-,N,,,,,,,,,,Y,4,0,1,2,A,-,06,21755,A,N,B,C,A,A,H,-,A,D,0,,,Y,,Y,,C,02,0,0,1,0,0,0,0,0,1,"- ","- ",,,"LOS ANGELES",BURBANK,-118.35731506347656,34.193458557128906
82191391,2023,2023-10-05,1912,2023-02-12,"820 ",15506,,7,5,6,1912,0,0,0,,0,,"GLENOAKS BOULEVARD","PALM AVENUE",0.00,,Y,A,-,N,,,,,,,,,,N,4,0,1,2,A,-,08,22107,,N,D,G,A,A,H,-,A,D,0,,Y,,,Y,,A,01,0,0,1,0,0,0,1,0,0,"- ","- ",34.184490203857422,-118.30834197998047,"LOS ANGELES",BURBANK,-118.30824279785156,34.184673309326172
82191392,2023,2023-10-06,1912,2023-02-13,"929 ",13387,,1,5,6,1912,0,0,0,,0,,"BUENA VISTA STREET","ALAMEDA AVENUE",0.00,,Y,A,-,N,,,,,,,,,,Y,4,0,2,3,A,-,09,21801,A,M,D,C,A,A,H,-,A,A,0,,,,,Y,,A,07,0,0,2,0,0,0,0,0,0,"- ","- ",,,"LOS ANGELES",BURBANK,-118.32810974121094,34.158214569091797
82191393,2023,2023-10-05,1912,2023-02-13,1350,13387,,1,5,6,1912,0,0,0,,0,,"ALAMEDA AVENUE","FLOWER STREET",150.00,W,N,A,-,N,,,,,,,,,,N,4,0,1,2,A,-,21,22106,,N,C,C,A,A,H,-,A,D,0,,,,,Y,,A,01,0,0,1,0,0,0,0,0,0,"- ","- ",34.171211242675781,-118.30317687988281,"LOS ANGELES",BURBANK,-118.30338287353516,34.171108245849609
82191394,2023,2023-10-05,1912,2023-02-13,2309,14527,,1,5,6,1912,0,0,0,,0,,"BEL AIRE DRIVE","ELMWOOD AVENUE (E)",0.00,,Y,A,-,N,,,,,,,,,,Y,2,0,2,2,A,-,03,22350,,N,D,C,A,A,H,-,C,A,0,,,,,Y,,A,01,1,0,1,0,0,0,0,0,0,"- ","- ",34.18511962890625,-118.29206848144531,"LOS ANGELES",BURBANK,-118.29221343994141,34.185256958007812
82191395,2023,2023-10-05,1912,2023-02-14,1206,11832,,2,5,6,1912,0,0,0,,0,,"MAGNOLIA BOULEVARD","3RD STREET",0.00,,Y,B,-,N,,,,,,,,,,Y,4,0,2,2,A,-,09,21801,A,N,D,C,A,A,H,-,A,A,0,,,,,Y,,A,07,0,0,2,0,0,0,0,0,0,"- ","- ",,,"LOS ANGELES",BURBANK,-118.31050109863281,34.184215545654297
82191396,2023,2023-10-05,1912,2023-02-14,1614,13208,,2,5,6,1912,0,0,0,,0,,"KENMERE AVENUE","LINCOLN STREET",62.00,E,N,B,-,N,,,,,,,,,,N,4,0,1,4,A,-,09,21802,A,N,A,E,A,A,H,-,B,A,0,,,,,Y,,I,11,0,0,1,0,0,0,0,0,0,"- ","- ",34.193729400634766,-118.33577728271484,"LOS ANGELES",BURBANK,-118.33556365966797,34.1937255859375
82191397,2023,2023-10-05,1912,2023-02-15,"830 ",9393,,3,5,6,1912,0,0,0,,0,,"GLENOAKS BOULEVARD","REESE PLACE",40.00,S,N,A,-,N,,,,,,,,,,Y,4,0,1,3,A,-,03,22350,,N,C,C,A,A,H,-,A,D,0,,,,,Y,,A,01,0,0,1,0,0,0,0,0,0,"- ","- ",,,"LOS ANGELES",BURBANK,-118.32940673828125,34.199993133544922
82191398,2023,2023-10-05,1912,2023-02-15,"956 ",9393,,3,5,6,1912,0,0,0,,0,,"BUENA VISTA STREET","ALAMEDA AVENUE",905.00,S,N,B,-,N,,,,,,,,,,Y,4,0,1,2,A,-,12,21455,,N,D,C,A,A,H,-,A,A,0,,,,,Y,,A,07,0,0,1,0,0,0,0,0,0,"- ","- ",34.158210754394531,-118.32811737060547,"LOS ANGELES",BURBANK,-118.32701110839844,34.155902862548828
82191399,2023,2023-10-05,1912,2023-02-15,1334,13850,,3,5,6,1912,0,0,0,,0,,"ALAMEDA AVENUE","FLOWER STREET",0.00,,Y,A,-,N,,,,,,,,,,Y,4,0,1,3,A,-,09,21801,A,N,D,C,A,A,H,-,A,A,0,,,,,Y,,A,01,0,0,1,0,0,0,0,0,0,"- ","- ",,,"LOS ANGELES",BURBANK,-118.30301666259766,34.171390533447266
82191400,2023,2023-10-06,1912,2023-02-15,1712,12451,,3,5,6,1912,0,0,0,,0,,"BUENA VISTA STREET","MAGNOLIA BOULEVARD",260.00,N,N,A,-,N,,,,,,,,,,N,3,0,1,2,A,-,03,22350,,F,C,C,A,A,H,-,B,A,0,,,,,Y,,A,01,0,1,0,0,0,0,0,0,0,"- ","- ",,,"LOS ANGELES",BURBANK,-118.3350830078125,34.172630310058594
82191401,2023,2023-10-05,1912,2023-02-18,1929,14849,,6,5,6,1912,0,0,0,,0,,"ALAMEDA AVENUE","LAKE STREET",0.00,,Y,A,-,N,,,,,,,,,,N,4,0,1,2,A,-,10,21950,A,N,G,B,B,A,H,-,C,A,0,Y,,,,Y,,A,01,0,0,1,0,1,0,0,0,0,"- ","- ",34.169101715087891,-118.30548858642578,"LOS ANGELES",BURBANK,-118.30551147460938,34.169101715087891
82191402,2023,2023-10-06,1912,2023-02-19,1504,13345,,7,5,6,1912,0,0,0,,0,,"ALAMEDA AVENUE","MAIN STREET",0.00,,Y,A,-,N,,,,,,,,,,N,4,0,1,2,A,-,12,21453,A,N,D,C,A,A,H,-,A,A,0,,,,,Y,,A,01,0,0,1,0,0,0,0,0,0,"- ","- ",34.163730621337891,-118.31175994873047,"LOS ANGELES",BURBANK,-118.31174468994141,34.163692474365234
82191404,2023,2023-10-05,1912,2023-02-20,1217,13387,,1,5,6,1912,0,0,0,,0,,"SAN FERNANDO BOULEVARD","FREDERIC STREET",80.00,S,N,A,-,N,,,,,,,,,,N,4,0,3,2,A,-,05,21651,B,N,D,C,A,A,H,-,A,D,0,,,,,Y,,A,07,0,0,3,0,0,0,0,0,0,"- ","- ",34.198421478271484,-118.33872985839844,"LOS ANGELES",BURBANK,-118.33847045898438,34.198287963867188
82191405,2023,2023-10-05,1912,2023-02-20,2221,15642,,1,5,6,1912,0,0,0,,0,,"ALAMEDA AVENUE",GATEWAY,0.00,,Y,A,-,N,,,,,,,,,,N,4,0,1,2,A,-,09,21801,A,N,A,D,A,A,H,-,C,A,0,,,,,Y,,A,01,0,0,1,0,0,0,0,0,0,"- ","- ",34.173511505126953,-118.30075836181641,"LOS ANGELES",BURBANK,-118.30067200000001,34.173645999999998
82191406,2023,2023-10-05,1912,2023-02-21,1022,9393,,2,5,6,1912,0,0,0,,0,,"GLENOAKS BOULEVARD","SCOTT ROAD",20.00,N,N,B,-,N,,,,,,,,,,Y,4,0,2,2,A,-,09,21801,A,N,A,C,A,A,H,-,A,A,0,,,,,Y,,A,01,0,0,2,0,0,0,0,0,0,"- ","- ",,,"LOS ANGELES",BURBANK,-118.32476043701172,34.19671630859375
82191407,2023,2023-10-05,1912,2023-02-21,1146,13850,,2,5,6,1912,0,0,0,,0,,"BUENA VISTA STREET","CLARK AVENUE",50.00,S,N,A,-,N,,,,,,,,,,N,4,0,1,3,A,-,02,22400,A,N,C,C,A,A,H,-,A,A,0,,,,,Y,,D,22,0,0,1,0,0,0,0,0,0,"- ","- ",,,"LOS ANGELES",BURBANK,-118.33300018310547,34.168361663818359
82191408,2023,2023-10-06,1912,2023-02-23,1248,13813,,4,5,6,1912,0,0,0,,0,,"VICTORY BOULEVARD","NAOMI STREET",27.00,W,N,B,-,N,,,,,,,,,,N,3,0,2,3,A,-,08,22107,,F,H,E,A,A,H,-,A,D,0,,,,,Y,,-,99,0,1,1,0,0,0,0,0,0,"- ","- ",34.184581756591797,-118.34047698974609,"LOS ANGELES",BURBANK,-118.34062194824219,34.184623718261719
82191409,2023,2023-10-05,1912,2023-02-23,1751,15490,,4,5,6,1912,0,0,0,,0,,"EMPIRE AVENUE","AIRPORT RD",0.00,,Y,B,-,N,,,,,,,,,,Y,4,0,1,3,A,-,09,21801,A,N,D,C,A,A,H,-,A,A,0,,,,,Y,,A,07,0,0,1,0,0,0,0,0,0,"- ","- ",34.193210601806641,-118.35420227050781,"LOS ANGELES",BURBANK,-118.35420000000001,34.193263999999999
82191410,2023,2023-10-05,1912,2023-02-24,"715 ",12451,,5,5,6,1912,0,0,0,,0,,"6TH STREET","ELMWOOD AVENUE",0.00,,Y,B,C,N,,,,,,,,,,N,4,0,1,2,A,-,09,21802,A,N,D,C,A,B,H,-,A,A,0,,,,,Y,,A,01,0,0,1,0,0,0,0,0,0,"- ","- ",,,"LOS ANGELES",BURBANK,-118.29689788818359,34.180477142333984
82191411,2023,2023-10-05,1912,2023-02-24,1302,13850,,5,5,6,1912,0,0,0,,0,,"GLENOAKS BOULEVARD","TUJUNGA AVENUE",0.00,,Y,C,-,N,,,,,,,,,,Y,3,0,1,2,A,-,09,21802,B,N,D,C,A,B,H,-,A,A,0,,,,Y,Y,,A,01,0,1,0,0,0,0,0,0,0,"- ","- ",34.181549072265625,-118.30432891845703,"LOS ANGELES",BURBANK,-118.30422210693359,34.181747436523438
82191412,2023,2023-10-06,1912,2023-02-24,1754,15454,,5,5,6,1912,0,0,0,,0,,"ALAMEDA AVENUE","FLOWER STREET",0.00,,Y,C,-,N,,,,,,,,,,Y,4,0,1,2,A,-,09,21801,A,M,A,C,A,B,H,-,C,A,0,,,,,Y,,D,22,0,0,1,0,0,0,0,0,0,"- ","- ",34.171211242675781,-118.30317687988281,"LOS ANGELES",BURBANK,-118.30301666259766,34.171390533447266
82191413,2023,2023-10-06,1912,2023-02-24,2312,15490,,5,5,6,1912,0,0,0,,0,,"6TH STREET","ELMWOOD AVENUE",0.00,,Y,C,-,N,,,,,,,,,,N,4,0,1,2,A,-,03,22350,,M,C,C,A,B,H,-,D,A,0,,,,,Y,Y,A,07,0,0,1,0,0,0,0,0,0,"- ","- ",34.18048095703125,-118.29689788818359,"LOS ANGELES",BURBANK,-118.29689788818359,34.180477142333984
82191416,2023,2023-10-06,1912,2023-02-28,1201,13387,,2,5,6,1912,0,0,0,,0,,"EMPIRE AVENUE","VALPREDA STREET",500.00,E,N,B,-,N,,,,,,,,,,N,4,0,2,2,A,-,08,22107,,M,B,C,A,A,H,-,A,D,0,,,,,Y,,A,07,0,0,2,0,0,0,0,0,0,"- ","- ",,,"LOS ANGELES",BURBANK,-118.33141326904297,34.191741943359375
82191417,2023,2023-10-05,1912,2023-03-01,1358,13208,,3,5,6,1912,0,0,0,,0,,"BUENA VISTA STREET","WINONA AVENUE",15.00,N,N,B,-,N,,,,,,,,,,Y,4,0,1,2,A,-,08,22107,,N,A,C,A,A,H,-,A,A,0,,,,,Y,,A,01,0,0,1,0,0,0,0,0,0,"- ","- ",34.199558258056641,-118.33786010742188,"LOS ANGELES",BURBANK,-118.33783721923828,34.199680328369141
82191418,2023,2023-10-05,1912,2023-03-02,1408,13387,,4,5,6,1912,0,0,0,,0,,"VICTORY BOULEVARD","ORCHARD DRIVE",8.00,E,N,A,-,N,,,,,,,,,,Y,4,0,1,2,A,-,09,21802,A,N,D,C,A,A,H,-,A,A,0,,,,,Y,,A,01,0,0,1,0,0,0,0,0,0,"- ","- ",34.184280395507812,-118.33065032958984,"LOS ANGELES",BURBANK,-118.33057403564453,34.184471130371094
82191419,2023,2023-10-05,1912,2023-03-03,"555 ",15508,,5,5,6,1912,0,0,0,,0,,"ORANGE GROVE AVENUE","VICTORY BOULEVARD",9.00,E,N,A,-,N,,,,,,,,,,N,3,0,1,2,A,-,10,21950,A,N,G,B,B,A,H,-,C,D,0,Y,,,,Y,,A,01,0,1,0,0,1,0,0,0,0,"- ","- ",34.174900054931641,-118.317138671875,"LOS ANGELES",BURBANK,-118.31712341308594,34.174858093261719
82191420,2023,2023-10-05,1912,2023-03-03,1020,13813,,5,5,6,1912,0,0,0,,0,,"BUENA VISTA STREET","VERDUGO AVENUE",0.00,,Y,A,-,N,,,,,,,,,,N,3,0,1,2,A,-,12,21453,A,N,D,C,A,A,H,-,A,D,0,,,,,Y,,A,01,0,1,0,0,0,0,0,0,0,"- ","- ",,,"LOS ANGELES",BURBANK,-118.33145141601562,34.165069580078125
82191421,2023,2023-10-05,1912,2023-03-03,1407,15454,,5,5,6,1912,0,0,0,,0,,"GLENOAKS BOULEVARD","WINONA AVENUE",0.00,,Y,A,-,N,,,,,,,,,,Y,3,0,1,2,A,-,09,21801,A,N,E,I,A,A,H,-,A,A,0,,,Y,,Y,,A,07,0,1,0,0,0,0,0,0,1,"- ","- ",34.198921203613281,-118.32801818847656,"LOS ANGELES",BURBANK,-118.32798004150391,34.199062347412109
82191422,2023,2023-10-05,1912,2023-03-04,"23  ",15490,,6,5,6,1912,0,0,0,,0,,"OLIVE AVENUE","PASS AVENUE",0.00,,Y,A,-,N,,,,,,,,,,Y,4,0,1,2,A,-,01,23152,F,N,C,C,A,A,H,-,C,A,0,,,,,Y,,A,07,0,0,1,0,0,0,0,0,0,"- ","- ",,,"LOS ANGELES",BURBANK,-118.34230804443359,34.148826599121094
82191423,2023,2023-10-05,1912,2023-03-04,1001,15508,,6,5,6,1912,0,0,0,,0,,"ALAMEDA AVENUE","FLOWER STREET",0.00,,Y,A,-,N,,,,,,,,,,Y,4,0,1,4,A,-,09,21801,A,N,A,C,A,A,H,-,A,A,0,,,,,Y,,A,01,0,0,1,0,0,0,0,0,0,"- ","- ",34.171428680419922,-118.30303955078125,"LOS ANGELES",BURBANK,-118.30301666259766,34.171390533447266
82191424,2023,2023-10-05,1912,2023-03-04,1224,15508,,6,5,6,1912,0,0,0,,0,,"OLIVE AVENUE","BEACHWOOD DRIVE",4.00,W,N,A,-,N,,,,,,,,,,N,4,0,1,3,A,-,09,21802,A,N,D,C,A,A,H,-,A,D,0,,,,,Y,,A,01,0,0,1,0,0,0,0,0,0,"- ","- ",34.168758392333984,-118.32154846191406,"LOS ANGELES",BURBANK,-118.32144165039062,34.168903350830078
82191425,2023,2023-10-05,1912,2023-03-06,1532,15728,1912,1,5,6,1912,0,0,0,,0,00E,"NORTH VICTORY BOULEVARD","NORTH CURB LINE OF CYPRESS AVENUE",244.00,N,N,A,-,N,,,,,,,,,,N,4,0,1,2,A,-,03,22350,,N,C,C,A,A,H,-,A,D,0,,,,,Y,,A,01,0,0,1,0,0,0,0,0,0,"- ","- ",,,"LOS ANGELES",BURBANK,-118.31953430175781,34.179771423339844
82191426,2023,2023-10-05,1912,2023-03-07,1546,15728,1912,2,5,6,1912,0,0,0,,0,00I,"VICTORY BOULEVARD","MARIPOSA STREET",0.00,,Y,A,-,N,,,,,,,,,,Y,3,0,2,2,A,-,09,21802,A,N,D,C,A,A,H,-,A,A,0,,,,,Y,,D,22,0,1,1,0,0,0,0,0,0,"- ","- ",34.184360504150391,-118.32521057128906,"LOS ANGELES",BURBANK,-118.32521057128906,34.184349060058594
82191429,2023,2023-10-05,1912,2023-03-08,"848 ",15728,1912,3,5,6,1912,0,0,0,,0,00G,"BUENA VISTA STREET","RIVERSIDE DRIVE",0.00,,Y,A,-,N,,,,,,,,,,N,4,0,1,2,A,-,08,22101,D,N,B,C,A,A,H,-,A,A,0,,,,,Y,,A,01,0,0,1,0,0,0,0,0,0,"- ","- ",34.154121398925781,-118.326171875,"LOS ANGELES",BURBANK,-118.32617950439453,34.154155731201172