CASE_ID,ACCIDENT_YEAR,PROC_DATE,JURIS,COLLISION_DATE,COLLISION_TIME,OFFICER_ID,REPORTING_DISTRICT,DAY_OF_WEEK,CHP_SHIFT,POPULATION,CNTY_CITY_LOC,SPECIAL_COND,BEAT_TYPE,CHP_BEAT_TYPE,CITY_DIVISION_LAPD,CHP_BEAT_CLASS,BEAT_NUMBER,PRIMARY_RD,SECONDARY_RD,DISTANCE,DIRECTION,INTERSECTION,WEATHER_1,WEATHER_2,STATE_HWY_IND,CALTRANS_COUNTY,CALTRANS_DISTRICT,STATE_ROUTE,ROUTE_SUFFIX,POSTMILE_PREFIX,POSTMILE,LOCATION_TYPE,RAMP_INTERSECTION,SIDE_OF_HWY,TOW_AWAY,COLLISION_SEVERITY,NUMBER_KILLED,NUMBER_INJURED,PARTY_COUNT,PRIMARY_COLL_FACTOR,PCF_CODE_OF_VIOL,PCF_VIOL_CATEGORY,PCF_VIOLATION,PCF_VIOL_SUBSECTION,HIT_AND_RUN,TYPE_OF_COLLISION,MVIW,PED_ACTION,ROAD_SURFACE,ROAD_COND_1,ROAD_COND_2,LIGHTING,CONTROL_DEVICE,CHP_ROAD_TYPE,PEDESTRIAN_ACCIDENT,BICYCLE_ACCIDENT,MOTORCYCLE_ACCIDENT,TRUCK_ACCIDENT,NOT_PRIVATE_PROPERTY,ALCOHOL_INVOLVED,STWD_VEHTYPE_AT_FAULT,CHP_VEHTYPE_AT_FAULT,COUNT_SEVERE_INJ,COUNT_VISIBLE_INJ,COUNT_COMPLAINT_PAIN,COUNT_PED_KILLED,COUNT_PED_INJURED,COUNT_BICYCLIST_KILLED,COUNT_BICYCLIST_INJURED,COUNT_MC_KILLED,COUNT_MC_INJURED,PRIMARY_RAMP,SECONDARY_RAMP,LATITUDE,LONGITUDE,COUNTY,CITY,POINT_X,POINT_Y
82191430,2023,2023-10-05,1912,2023-03-08,1115,15728,1912,3,5,6,1912,0,0,0,,0,00J,"VANOWEN STREET","HOLLYWOOD WAY",233.00,W,N,A,-,N,,,,,,,,,,N,4,0,2,2,A,-,07,21658,A,N,B,C,A,A,H,-,A,D,0,,,,,Y,,A,01,0,0,2,0,0,0,0,0,0,"- ","- ",34.191780090332031,-118.34892272949219,"LOS ANGELES",BURBANK,-118.34969329833984,34.191928863525391
82191432,2023,2023-10-06,1912,2023-03-09,1001,13850,,4,5,6,1912,0,0,0,,0,,"MAGNOLIA BOULEVARD","VICTORY BOULEVARD",0.00,,Y,A,-,N,,,,,,,,,,N,3,0,1,2,A,-,09,21804,A,F,D,G,A,A,H,-,A,A,0,,Y,,,Y,,L,04,0,1,0,0,0,0,1,0,0,"- ","- ",,,"LOS ANGELES",BURBANK,-118.31842041015625,34.177482604980469
82191433,2023,2023-10-06,1912,2023-03-09,1233,13208,,4,5,6,1912,0,0,0,,0,,"TUJUNGA AVENUE","SUNSET CANYON DRIVE",0.00,,Y,A,-,N,,,,,,,,,,N,3,0,2,3,A,-,10,21950,A,N,G,B,B,A,H,-,A,A,0,Y,,,,Y,,A,01,0,1,1,0,2,0,0,0,0,"- ","- ",34.190738677978516,-118.29450988769531,"LOS ANGELES",BURBANK,-118.29444885253906,34.190982818603516
82191434,2023,2023-10-05,1912,2023-03-09,1233,15454,,4,5,6,1912,0,0,0,,0,,"MAGNOLIA BOULEVARD","1ST STREET",25.00,W,N,A,-,N,,,,,,,,,,N,4,0,1,2,A,-,03,22350,,N,C,C,A,A,H,-,A,D,0,,,,,Y,,A,01,0,0,1,0,0,0,0,0,0,"- ","- ",34.181900024414062,-118.31301116943359,"LOS ANGELES",BURBANK,-118.31305694580078,34.181827545166016
82191435,2023,2023-10-05,1912,2023-03-10,1515,15454,,5,5,6,1912,0,0,0,,0,,"MAGNOLIA BOULEVARD","CATALINA STREET",0.00,,Y,C,-,N,,,,,,,,,,N,4,0,1,2,A,-,10,21950,A,N,G,B,B,B,H,-,A,A,0,Y,,,,Y,,A,01,0,0,1,0,1,0,0,0,0,"- ","- ",34.170558929443359,-118.3388671875,"LOS ANGELES",BURBANK,-118.33891296386719,34.170578002929688
82191437,2023,2023-10-06,1912,2023-03-11,1232,14333,,6,5,6,1912,0,0,0,,0,,"LAKE STREET","ALAMEDA AVENUE",0.00,,Y,B,-,N,,,,,,,,,,N,4,0,1,2,A,-,08,22107,,F,B,C,A,B,H,-,A,A,0,,,,Y,Y,Y,F,86,0,0,1,0,0,0,0,0,0,"- ","- ",34.169101715087891,-118.30548858642578,"LOS ANGELES",BURBANK,-118.30551147460938,34.169101715087891
82191438,2023,2023-10-05,1912,2023-03-11,1809,15490,,6,5,6,1912,0,0,0,,0,,"CYPRESS AVENUE","6TH STREET",107.00,E,N,A,-,N,,,,,,,,,,N,4,0,1,2,A,-,09,21804,A,N,D,C,A,A,H,-,B,D,0,,,,,Y,,A,01,0,0,1,0,0,0,0,0,0,"- ","- ",34.188899993896484,-118.30876922607422,"LOS ANGELES",BURBANK,-118.30849456787109,34.189289093017578
82191439,2023,2023-10-05,1912,2023-03-13,1525,11832,,1,5,6,1912,0,0,0,,0,,"VERDUGO AVENUE","MYERS STREET",20.00,W,N,A,-,N,,,,,,,,,,N,4,0,1,2,A,-,03,22350,,N,C,C,A,A,H,-,A,A,0,,,,,Y,,A,01,0,0,1,0,0,0,0,0,0,"- ","- ",,,"LOS ANGELES",BURBANK,-118.328369140625,34.166130065917969
82191440,2023,2023-10-05,1912,2023-03-14,1305,15454,,2,5,6,1912,0,0,0,,0,,"CLARK AVENUE","VALLEY STREET",0.00,,Y,C,-,N,,,,,,,,,,Y,4,0,1,2,A,-,09,21802,A,N,D,C,A,B,H,-,A,A,0,,,,,Y,,A,01,0,0,1,0,0,0,0,0,0,"- ","- ",34.162040710449219,-118.35253143310547,"LOS ANGELES",BURBANK,-118.35244750976562,34.162029266357422
82191441,2023,2023-10-05,1912,2023-03-14,1444,13377,,2,5,6,1912,0,0,0,,0,,"CLARK AVENUE","EVERGREEN STREET",0.00,,Y,B,C,N,,,,,,,,,,N,4,0,2,2,A,-,09,21802,A,N,D,C,A,B,H,-,A,A,0,,,,,Y,,A,01,0,0,2,0,0,0,0,0,0,"- ","- ",,,"LOS ANGELES",BURBANK,-118.35037231445312,34.162731170654297
82191442,2023,2023-10-05,1912,2023-03-15,1046,13813,,3,5,6,1912,0,0,0,,0,,"VICTORY BOULEVARD","MAPLE STREET",0.00,,Y,C,-,N,,,,,,,,,,N,3,0,5,2,A,-,12,21453,A,N,D,C,A,B,H,-,A,A,0,,,,,Y,,A,01,0,2,3,0,0,0,0,0,0,"- ","- ",34.184738159179688,-118.35362243652344,"LOS ANGELES",BURBANK,-118.35356140136719,34.184799194335938
82191443,2023,2023-10-05,1912,2023-03-15,1113,11832,,3,5,6,1912,0,0,0,,0,,"OLIVE AVENUE","GRIFFITH PARK DRIVE",0.00,,Y,B,C,N,,,,,,,,,,N,4,0,1,3,A,-,09,21802,A,N,D,C,A,B,H,-,A,A,0,,,,,Y,,A,07,0,0,1,0,0,0,0,0,0,"- ","- ",,,"LOS ANGELES",BURBANK,-118.32066345214844,34.169643402099609
82191444,2023,2023-10-05,1912,2023-03-15,1256,13850,,3,5,6,1912,0,0,0,,0,,"BURBANK BOULEVARD","VICTORY PLACE",50.00,E,N,B,-,N,,,,,,,,,,N,3,0,1,2,A,-,08,22107,,N,B,C,A,B,H,-,A,D,0,,,,,Y,,A,01,0,1,0,0,0,0,0,0,0,"- ","- ",,,"LOS ANGELES",BURBANK,-118.32155609130859,34.184337615966797
82191446,2023,2023-10-05,1912,2023-03-17,1539,14849,,5,5,6,1912,0,0,0,,0,,"FLOWER STREET","VERDUGO AVENUE",80.00,N,N,A,-,N,,,,,,,,,,N,4,0,1,2,A,-,17,22517,,N,H,G,A,A,H,-,A,D,0,,Y,,,Y,,A,01,0,0,1,0,0,0,1,0,0,"- ","- ",34.175449371337891,-118.30912780761719,"LOS ANGELES",BURBANK,-118.30935668945312,34.175586700439453
82191447,2023,2023-10-05,1912,2023-03-17,2033,15454,,5,5,6,1912,0,0,0,,0,,"CLARK AVENUE","EVERGREEN STREET",0.00,,Y,A,-,N,,,,,,,,,,Y,2,0,1,3,A,-,01,23152,A,F,G,B,F,A,H,-,C,A,0,Y,,,,Y,Y,D,22,1,0,0,0,1,0,0,0,0,"- ","- ",34.162689208984375,-118.35054779052734,"LOS ANGELES",BURBANK,-118.35037231445312,34.162731170654297
82191449,2023,2023-10-05,1912,2023-03-19,"936 ",13850,,7,5,6,1912,0,0,0,,0,,"VICTORY BOULEVARD","ALAMEDA AVENUE",100.00,S,N,B,-,N,,,,,,,,,,Y,2,0,1,1,A,-,03,22350,,N,E,I,A,A,H,-,A,A,0,,,Y,,Y,,C,03,1,0,0,0,0,0,0,0,1,"- ","- ",,,"LOS ANGELES",BURBANK,-118.30770111083984,34.166599273681641
82191450,2023,2023-10-05,1912,2023-03-19,1419,14329,,7,5,6,1912,0,0,0,,0,,"PARISH PLACE","ORCHID LANE",50.00,S,N,C,-,N,,,,,,,,,,Y,3,0,1,4,A,-,21,22106,,N,B,E,A,B,H,-,A,D,0,,,,,Y,,A,01,0,1,0,0,0,0,0,0,0,"- ","- ",34.205371856689453,-118.33122253417969,"LOS ANGELES",BURBANK,,
82191451,2023,2023-10-05,1912,2023-03-19,1754,13345,,7,5,6,1912,0,0,0,,0,,"VICTORY PLACE","EMPIRE AVENUE",160.00,S,N,A,-,N,,,,,,,,,,N,3,0,2,2,A,-,03,22350,,N,C,C,A,A,H,-,A,A,0,,,,,Y,,A,01,0,1,1,0,0,0,0,0,0,"- ","- ",34.192001342773438,-118.32932281494141,"LOS ANGELES",BURBANK,-118.32888793945312,34.191799163818359
82191452,2023,2023-10-05,1912,2023-03-22,"557 ",13387,,3,5,6,1912,0,0,0,,0,,"EMPIRE AVENUE","AVENUE A",280.00,W,N,B,C,N,,,,,,,,,,Y,3,0,1,2,A,-,03,22350,,N,C,C,A,B,H,-,C,A,0,,,,,Y,,A,01,0,1,0,0,0,0,0,0,0,"- ","- ",34.193279266357422,-118.35414123535156,"LOS ANGELES",BURBANK,,
82191453,2023,2023-10-05,1912,2023-03-22,"839 ",13813,,3,5,6,1912,0,0,0,,0,,"BUENA VISTA STREET","MAGNOLIA BOULEVARD",0.00,,Y,C,-,N,,,,,,,,,,N,4,0,1,2,A,-,09,21801,A,N,A,C,A,B,H,-,A,A,0,,,,,Y,,A,01,0,0,1,0,0,0,0,0,0,"- ","- ",34.171859741210938,-118.33489990234375,"LOS ANGELES",BURBANK,-118.33475494384766,34.171974182128906
82191454,2023,2023-10-05,1912,2023-03-24,1626,12451,,5,5,6,1912,0,0,0,,0,,"3RD STREET","SAN JOSE AVENUE",0.00,,Y,A,-,N,,,,,,,,,,Y,3,0,1,3,A,-,09,21804,A,N,B,C,A,A,H,-,A,A,0,,,,,Y,,A,01,0,1,0,0,0,0,0,0,0,"- ","- ",,,"LOS ANGELES",BURBANK,-118.31142425537109,34.184944152832031
82191456,2023,2023-10-06,1912,2023-03-26,2320,15633,1912,7,5,6,1912,0,0,0,,0,00G,"PASS AVENUE","ALAMEDA AVENUE",255.00,N,N,A,-,N,,,,,,,,,,Y,4,0,1,2,A,-,08,22107,,F,B,C,A,A,H,-,C,A,0,,,,,Y,,A,01,0,0,1,0,0,0,0,0,0,"- ","- ",34.15277099609375,-118.34438323974609,"LOS ANGELES",BURBANK,-118.34471893310547,34.153415679931641
82191457,2023,2023-10-05,1912,2023-03-27,1322,13387,,1,5,6,1912,0,0,0,,0,,"ANGELENO AVENUE","1ST STREET",0.00,,Y,A,-,N,,,,,,,,,,Y,4,0,2,2,A,-,12,21453,A,N,D,C,A,A,H,-,A,A,0,,,,,Y,,A,01,0,0,2,0,0,0,0,0,0,"- ","- ",34.178741455078125,-118.30905914306641,"LOS ANGELES",BURBANK,-118.30895233154297,34.178913116455078
82191458,2023,2023-10-05,1912,2023-03-28,"822 ",12451,,2,5,6,1912,0,0,0,,0,,"BURBANK BOULEVARD","EDISON BOULEVARD",0.00,,Y,A,-,N,,,,,,,,,,Y,3,0,2,2,A,-,12,21453,A,N,F,C,A,A,H,-,A,A,0,,,,,Y,,A,01,0,2,0,0,0,0,0,0,0,"- ","- ",,,"LOS ANGELES",BURBANK,-118.35025024414062,34.1746826171875
82191460,2023,2023-10-05,1912,2023-01-23,1521,11832,,1,5,6,1912,0,0,0,,0,,"RIVERSIDE DRIVE","KEYSTONE STREET",560.00,W,N,A,-,N,,,,,,,,,,Y,4,0,1,2,A,-,03,22350,,N,C,C,A,A,H,-,A,A,0,,,,,Y,,A,08,0,0,1,0,0,0,0,0,0,"- ","- ",,,"LOS ANGELES",BURBANK,-118.32406616210938,34.155601501464844
82191461,2023,2023-10-05,1912,2023-01-24,1112,9393,,2,5,6,1912,0,0,0,,0,,"GLENOAKS BOULEVARD","SANTA ANITA AVENUE",0.00,,Y,A,-,N,,,,,,,,,,N,3,0,1,2,A,-,09,21801,A,N,D,C,A,A,H,-,A,D,0,,,,,Y,,A,01,0,1,0,0,0,0,0,0,0,"- ","- ",,,"LOS ANGELES",BURBANK,-118.30229187011719,34.180316925048828
82191462,2023,2023-10-05,1912,2023-01-24,1730,13208,1912,2,5,6,1912,0,0,0,,0,,"RIVERSIDE DRIVE","SPARKS STREET",21.00,E,N,A,-,N,,,,,,,,,,N,3,0,1,1,A,-,03,22350,,N,E,J,A,A,B,-,C,D,0,,Y,,,Y,,L,04,0,1,0,0,0,0,1,0,0,"- ","- ",34.157501220703125,-118.31709289550781,"LOS ANGELES",BURBANK,-118.31707763671875,34.157585144042969
82191463,2023,2023-10-05,1912,2023-01-25,"836 ",13850,,3,5,6,1912,0,0,0,,0,,"MAGNOLIA BOULEVARD","MARIPOSA STREET",50.00,W,N,A,-,N,,,,,,,,,,N,4,0,1,2,A,-,03,22350,,N,C,C,A,A,H,-,A,A,0,,,,,Y,,A,07,0,0,1,0,0,0,0,0,0,"- ","- ",,,"LOS ANGELES",BURBANK,-118.32270050048828,34.176017761230469
82191465,2023,2023-10-05,1912,2023-01-25,1815,13377,,3,5,6,1912,0,0,0,,0,,"BURBANK BOULEVARD","BRIGHTON STREET (W)",0.00,,Y,A,-,N,,,,,,,,,,Y,4,0,1,2,A,-,12,22450,A,N,D,C,A,A,H,-,A,D,0,,,,,Y,,A,01,0,0,1,0,0,0,0,0,0,"- ","- ",,,"LOS ANGELES",BURBANK,-118.33721923828125,34.179039001464844
82191466,2023,2023-10-05,1912,2023-01-26,1144,13387,,4,5,6,1912,0,0,0,,0,,"OLIVE AVENUE","GLENOAKS BOULEVARD",0.00,,Y,A,-,N,,,,,,,,,,Y,3,0,3,2,A,-,12,21453,A,N,D,C,A,A,H,-,A,A,0,,,,,Y,,A,07,0,1,2,0,0,0,0,0,0,"- ","- ",34.183010101318359,-118.30632019042969,"LOS ANGELES",BURBANK,-118.30626678466797,34.183223724365234
82191467,2023,2023-10-05,1912,2023-01-26,1401,13850,,4,5,6,1912,0,0,0,,0,,"RIVERSIDE DRIVE","KENWOOD STREET",0.00,,Y,A,-,N,,,,,,,,,,N,3,0,1,2,A,-,09,21801,A,N,A,C,A,A,H,-,A,A,0,,,Y,,Y,,D,22,0,1,0,0,0,0,0,0,1,"- ","- ",34.152328491210938,-118.34178924560547,"LOS ANGELES",BURBANK,-118.34185791015625,34.152336120605469
82191468,2023,2023-10-05,1912,2023-01-26,1533,13377,,4,5,6,1912,0,0,0,,0,,"BUENA VISTA STREET","OLIVE AVENUE",130.00,S,N,A,-,N,,,,,,,,,,Y,4,0,4,2,A,-,09,21804,A,N,D,C,A,A,H,-,A,D,0,,,,,Y,,A,01,0,0,4,0,0,0,0,0,0,"- ","- ",,,"LOS ANGELES",BURBANK,-118.32939910888672,34.160820007324219
82191470,2023,2023-10-05,1912,2023-01-27,1655,15454,,5,5,6,1912,0,0,0,,0,,"DELAWARE ROAD","3RD STREET",0.00,,Y,A,-,N,,,,,,,,,,N,4,0,1,2,A,-,12,22450,A,N,D,C,A,A,H,-,A,A,0,,,,,Y,,-,"- ",0,0,1,0,0,0,0,0,0,"- ","- ",34.189151763916016,-118.31728363037109,"LOS ANGELES",BURBANK,-118.31724548339844,34.189109802246094
82191471,2023,2023-10-05,1912,2023-01-28,1030,15407,,6,5,6,1912,0,0,0,,0,,"VERDUGO AVENUE","SCREENLAND DRIVE",0.00,,Y,A,-,N,,,,,,,,,,N,4,0,1,2,A,-,06,21755,A,N,D,C,A,A,H,-,A,D,0,,,,,Y,,A,01,0,0,1,0,0,0,0,0,0,"- ","- ",34.160678863525391,-118.34464263916016,"LOS ANGELES",BURBANK,-118.34469604492188,34.160652160644531
82191474,2023,2023-10-05,1912,2023-01-30,"959 ",13208,1912,1,5,6,1912,0,0,0,,0,,"HOLLYWOOD WAY","MAGNOLIA BOULEVARD",0.00,,Y,B,-,N,,,,,,,,,,N,4,0,1,2,A,-,03,22350,,N,C,C,A,B,H,-,A,A,0,,,,,Y,,A,01,0,0,1,0,0,0,0,0,0,"- ","- ",34.167800903320312,-118.34713745117188,"LOS ANGELES",BURBANK,-118.34701538085938,34.167869567871094
82191476,2023,2023-10-05,1912,2023-01-30,1341,11832,,1,5,6,1912,0,0,0,,0,,"VICTORY BOULEVARD","OLIVE AVENUE",50.00,N,N,B,-,N,,,,,,,,,,N,4,0,3,2,A,-,03,22350,,N,C,C,A,A,H,-,A,A,0,,,,,Y,,D,22,0,0,3,0,0,0,0,0,0,"- ","- ",,,"LOS ANGELES",BURBANK,,
82191478,2023,2023-10-05,1912,2023-01-30,1515,13208,,1,5,6,1912,0,0,0,,0,,"HOLLYWOOD WAY","VALHALLA DRIVE",120.00,N,N,B,-,N,,,,,,,,,,N,3,0,2,2,A,-,07,21658,A,N,B,C,A,B,H,-,A,A,0,,,,,Y,,A,01,0,1,1,0,0,0,0,0,0,"- ","- ",34.190219879150391,-118.34902954101562,"LOS ANGELES",BURBANK,-118.3489990234375,34.190509796142578
82191479,2023,2023-10-05,1912,2023-01-30,1532,13387,,1,5,6,1912,0,0,0,,0,,"BURBANK BOULEVARD","EDISON BOULEVARD",0.00,,Y,B,-,N,,,,,,,,,,N,4,0,1,2,A,-,12,21453,A,N,D,C,A,A,H,-,A,A,0,,,,,Y,,A,01,0,0,1,0,0,0,0,0,0,"- ","- ",,,"LOS ANGELES",BURBANK,-118.35025024414062,34.1746826171875
82191481,2023,2023-10-05,1912,2023-01-31,1017,11832,,2,5,6,1912,0,0,0,,0,,"RIVERSIDE DRIVE","ROSE STREET",96.00,E,N,A,-,N,,,,,,,,,,N,3,0,1,1,A,-,03,22350,,N,F,A,A,A,H,-,A,A,0,,,Y,,Y,,C,02,0,1,0,0,0,0,0,0,1,"- ","- ",,,"LOS ANGELES",BURBANK,-118.34615325927734,34.152229309082031
82191482,2023,2023-10-05,1912,2023-01-31,1504,13208,,2,5,6,1912,0,0,0,,0,,"MAGNOLIA BOULEVARD","NAOMI STREET",25.00,W,N,A,-,N,,,,,,,,,,N,3,0,3,2,A,-,03,22350,,N,C,C,A,A,H,-,A,D,0,,,,,Y,,A,01,0,1,2,0,0,0,0,0,0,"- ","- ",34.171230316162109,-118.33683776855469,"LOS ANGELES",BURBANK,-118.33692932128906,34.171245574951172
82191483,2023,2023-10-05,1912,2023-01-31,2255,15259,,2,5,6,1912,0,0,0,,0,,"CHANDLER BOULEVARD","MARIPOSA STREET",7.00,E,N,A,-,N,,,,,,,,,,Y,4,0,1,1,C,-,18,,,N,E,I,A,A,H,-,C,A,0,,,,,Y,,-,"- ",0,0,1,0,0,0,0,0,0,"- ","- ",34.179649353027344,-118.32424163818359,"LOS ANGELES",BURBANK,,
82191486,2023,2023-10-05,1912,2023-02-01,1040,13813,,3,5,6,1912,0,0,0,,0,,"1ST STREET","MAGNOLIA BOULEVARD",3.00,S,N,A,-,N,,,,,,,,,,N,2,0,1,2,A,-,11,21451,C,N,G,B,B,A,H,-,A,A,0,Y,,,,Y,,N,60,1,0,0,0,1,0,0,0,0,"- ","- ",34.181900024414062,-118.31301116943359,"LOS ANGELES",BURBANK,-118.31299591064453,34.181873321533203
82191487,2023,2023-10-05,1912,2023-02-01,1139,13850,,3,5,6,1912,0,0,0,,0,,"ALAMEDA AVENUE","LAMER STREET",0.00,,Y,A,-,N,,,,,,,,,,Y,4,0,1,2,A,-,09,21802,A,N,D,C,A,A,H,-,A,A,0,,,,,Y,,A,07,0,0,1,0,0,0,0,0,0,"- ","- ",,,"LOS ANGELES",BURBANK,-118.32298278808594,34.159942626953125
82191489,2023,2023-10-05,1912,2023-02-01,1600,11832,,3,5,6,1912,0,0,0,,0,,"GLENWOOD PLACE","MAGNOLIA BOULEVARD",272.00,S,N,A,-,N,,,,,,,,,,Y,3,0,1,2,A,-,01,23152,A,N,B,E,A,A,H,-,A,D,0,,,,,Y,Y,A,01,0,1,0,0,0,0,0,0,0,"- ","- ",,,"LOS ANGELES",BURBANK,-118.31918334960938,34.176399230957031
82191492,2023,2023-10-05,1912,2023-02-04,2000,14849,,6,5,6,1912,0,0,0,,0,,"VICTORY BOULEVARD","ISABEL STREET",0.00,,Y,A,-,N,,,,,,,,,,Y,4,0,1,2,A,-,09,21801,A,N,D,C,A,A,H,-,C,D,0,,,Y,,Y,,A,01,0,0,1,0,0,0,0,0,1,"- ","- ",34.183170318603516,-118.32115936279297,"LOS ANGELES",BURBANK,-118.3211669921875,34.183132171630859
82192600,2023,2023-10-06,1912,2023-03-28,"749 ",13387,,2,5,6,1912,0,0,0,,0,,"ALAMEDA AVENUE","SAN FERNANDO BOULEVARD",0.00,,Y,A,-,N,,,,,,,,,,Y,4,0,4,2,A,-,12,21453,A,N,D,C,A,A,H,-,A,A,0,,,,,Y,,A,08,0,0,4,0,0,0,0,0,0,"- ","- ",34.1744384765625,-118.29988861083984,"LOS ANGELES",BURBANK,-118.29988098144531,34.174423217773438
82192601,2023,2023-10-06,1912,2023-03-31,1002,13850,,5,5,6,1912,0,0,0,,0,,"VALENCIA AVENUE","VICTORY BOULEVARD",647.00,W,N,A,-,N,,,,,,,,,,Y,3,0,1,2,A,-,03,22350,,N,B,E,A,A,H,-,A,D,0,,,,,Y,,A,01,0,1,0,0,0,0,0,0,0,"- ","- ",34.167320251464844,-118.30905914306641,"LOS ANGELES",BURBANK,-118.31031036376953,34.1661376953125
82192602,2023,2023-10-06,1912,2023-03-31,2009,15490,,5,5,6,1912,0,0,0,,0,,"BONNYWOOD PLACE","ORANGE GROVE AVENUE",37.00,S,N,A,-,N,,,,,,,,,,Y,4,0,1,2,A,-,03,22350,,N,C,C,A,A,H,-,C,D,0,,,,,Y,,A,07,0,0,1,0,0,0,0,0,0,"- ","- ",34.179550170898438,-118.31188201904297,"LOS ANGELES",BURBANK,-118.31172180175781,34.179637908935547
82192606,2023,2023-10-06,1912,2023-04-04,"823 ",13850,,2,5,6,1912,0,0,0,,0,,"VICTORY BOULEVARD","ELMWOOD AVENUE (W)",0.00,,Y,A,-,N,,,,,,,,,,Y,4,0,2,2,A,-,12,21453,A,N,D,C,A,A,H,-,A,A,0,,,,,Y,,A,01,0,0,2,0,0,0,0,0,0,"- ","- ",,,"LOS ANGELES",BURBANK,-118.31018829345703,34.168418884277344
82192607,2023,2023-10-06,1912,2023-04-04,1226,13850,,2,5,6,1912,0,0,0,,0,,"GLENOAKS BOULEVARD","BUENA VISTA STREET",0.00,,Y,A,-,N,,,,,,,,,,Y,3,0,2,2,A,-,09,21801,A,N,D,C,A,A,A,-,A,A,0,,,,,Y,,D,22,0,1,1,0,0,0,0,0,0,"- ","- ",,,"LOS ANGELES",BURBANK,-118.33768463134766,34.204940795898438
82192608,2023,2023-10-06,1912,2023-04-05,1714,13208,,3,5,6,1912,0,0,0,,0,,"SUNSET CANYON DRIVE","ELMWOOD AVENUE",0.00,,Y,A,-,N,,,,,,,,,,N,4,0,2,2,A,-,12,22450,A,N,D,C,A,A,H,-,A,A,0,,,,,Y,,A,01,0,0,2,0,0,0,0,0,0,"- ","- ",34.187919616699219,-118.28977203369141,"LOS ANGELES",BURBANK,-118.28974914550781,34.187877655029297
82192609,2023,2023-10-06,1912,2023-04-07,1353,13813,,5,5,6,1912,0,0,0,,0,,"SAN FERNANDO BOULEVARD","LINCOLN STREET",496.00,E,N,A,-,N,,,,,,,,,,N,3,0,3,2,A,-,05,21650,,N,A,C,A,A,H,-,A,D,0,,,,,Y,,A,01,0,2,1,0,0,0,0,0,0,"- ","- ",34.196151733398438,-118.33576202392578,"LOS ANGELES",BURBANK,,
82192610,2023,2023-10-06,1912,2023-04-09,1740,14527,,7,5,6,1912,0,0,0,,0,,"GLENOAKS BOULEVARD","FAIRMOUNT ROAD",105.00,S,N,A,-,N,,,,,,,,,,Y,3,0,1,3,A,-,07,21658,A,N,B,E,A,A,H,-,A,D,0,,,,,Y,,A,01,0,1,0,0,0,0,0,0,0,"- ","- ",34.188949584960938,-118.31410217285156,"LOS ANGELES",BURBANK,-118.31386566162109,34.188770294189453
82192612,2023,2023-10-09,1912,2023-04-11,1700,15454,,2,5,6,1912,0,0,0,,0,,"RIVERSIDE DRIVE","OLIVE AVENUE",20.00,N,N,A,-,N,,,,,,,,,,N,4,0,1,2,A,-,03,22350,,F,C,C,A,A,H,-,A,D,0,,,,,Y,,-,99,0,0,1,0,0,0,0,0,0,"- ","- ",34.152900695800781,-118.33822631835938,"LOS ANGELES",BURBANK,,
82192613,2023,2023-10-06,1912,2023-04-13,1433,13377,,4,5,6,1912,0,0,0,,0,,"EMPIRE AVENUE","HOLLYWOOD WAY",15.00,E,N,A,B,N,,,,,,,,,,Y,4,0,2,2,A,-,12,21453,A,N,D,C,A,A,H,-,A,A,0,,,,,Y,,A,07,0,0,2,0,0,0,0,0,0,"- ","- ",,,"LOS ANGELES",BURBANK,-118.34888458251953,34.192272186279297
82192614,2023,2023-10-06,1912,2023-04-13,1646,12451,,4,5,6,1912,0,0,0,,0,,"IKEA WAY","SANTA ANITA AVENUE",0.00,,Y,B,-,N,,,,,,,,,,N,4,0,1,2,A,-,05,21650,1,N,B,G,A,A,H,-,A,A,0,,Y,,,Y,,L,04,0,0,1,0,0,0,1,0,0,"- ","- ",,,"LOS ANGELES",BURBANK,-118.30604553222656,34.176799774169922
82192615,2023,2023-10-06,1912,2023-04-13,1651,13208,,4,5,6,1912,0,0,0,,0,,"MAGNOLIA BOULEVARD","SCREENLAND DRIVE",0.00,,Y,B,-,N,,,,,,,,,,Y,3,0,2,2,A,-,12,21453,A,N,D,C,A,A,H,-,A,A,0,,,,,Y,,A,01,0,1,1,0,0,0,0,0,0,"- ","- ",34.167469024658203,-118.34815216064453,"LOS ANGELES",BURBANK,-118.34799194335938,34.167537689208984
82192616,2023,2023-10-06,1912,2023-04-13,1706,13813,,4,5,6,1912,0,0,0,,0,,"BUENA VISTA STREET","THORNTON AVENUE",0.00,,Y,B,-,N,,,,,,,,,,N,4,0,2,2,A,-,12,21453,A,N,D,C,A,A,H,-,A,A,0,,,,,Y,,A,01,0,0,2,0,0,0,0,0,0,"- ","- ",34.195419311523438,-118.33798217773438,"LOS ANGELES",BURBANK,-118.33795928955078,34.195518493652344
82192618,2023,2023-10-06,1912,2023-04-14,1428,12451,,5,5,6,1912,0,0,0,,0,,"MAGNOLIA BOULEVARD","GLENWOOD PLACE",40.00,W,N,B,-,N,,,,,,,,,,N,4,0,3,3,A,-,03,22350,,N,C,C,A,A,H,-,A,A,0,,,,,Y,,A,07,0,0,3,0,0,0,0,0,0,"- ","- ",,,"LOS ANGELES",BURBANK,-118.31964111328125,34.177047729492188
82192620,2023,2023-10-06,1912,2023-04-16,1125,13858,,7,5,6,1912,0,0,0,,0,,"VICTORY PLACE","BURBANK BOULEVARD",0.00,,Y,A,-,N,,,,,,,,,,Y,3,0,2,3,A,-,12,21453,A,N,D,C,A,A,H,-,A,A,0,,,,,Y,,A,01,0,1,1,0,0,0,0,0,0,"- ","- ",34.184291839599609,-118.32170104980469,"LOS ANGELES",BURBANK,-118.32170867919922,34.184284210205078