CASE_ID,ACCIDENT_YEAR,PROC_DATE,JURIS,COLLISION_DATE,COLLISION_TIME,OFFICER_ID,REPORTING_DISTRICT,DAY_OF_WEEK,CHP_SHIFT,POPULATION,CNTY_CITY_LOC,SPECIAL_COND,BEAT_TYPE,CHP_BEAT_TYPE,CITY_DIVISION_LAPD,CHP_BEAT_CLASS,BEAT_NUMBER,PRIMARY_RD,SECONDARY_RD,DISTANCE,DIRECTION,INTERSECTION,WEATHER_1,WEATHER_2,STATE_HWY_IND,CALTRANS_COUNTY,CALTRANS_DISTRICT,STATE_ROUTE,ROUTE_SUFFIX,POSTMILE_PREFIX,POSTMILE,LOCATION_TYPE,RAMP_INTERSECTION,SIDE_OF_HWY,TOW_AWAY,COLLISION_SEVERITY,NUMBER_KILLED,NUMBER_INJURED,PARTY_COUNT,PRIMARY_COLL_FACTOR,PCF_CODE_OF_VIOL,PCF_VIOL_CATEGORY,PCF_VIOLATION,PCF_VIOL_SUBSECTION,HIT_AND_RUN,TYPE_OF_COLLISION,MVIW,PED_ACTION,ROAD_SURFACE,ROAD_COND_1,ROAD_COND_2,LIGHTING,CONTROL_DEVICE,CHP_ROAD_TYPE,PEDESTRIAN_ACCIDENT,BICYCLE_ACCIDENT,MOTORCYCLE_ACCIDENT,TRUCK_ACCIDENT,NOT_PRIVATE_PROPERTY,ALCOHOL_INVOLVED,STWD_VEHTYPE_AT_FAULT,CHP_VEHTYPE_AT_FAULT,COUNT_SEVERE_INJ,COUNT_VISIBLE_INJ,COUNT_COMPLAINT_PAIN,COUNT_PED_KILLED,COUNT_PED_INJURED,COUNT_BICYCLIST_KILLED,COUNT_BICYCLIST_INJURED,COUNT_MC_KILLED,COUNT_MC_INJURED,PRIMARY_RAMP,SECONDARY_RAMP,LATITUDE,LONGITUDE,COUNTY,CITY,POINT_X,POINT_Y
82192621,2023,2023-10-06,1912,2023-04-17,"805 ",13387,,1,5,6,1912,0,0,0,,0,,"VERDUGO AVENUE","EVERGREEN STREET",18.00,E,N,A,-,N,,,,,,,,,,N,4,0,1,2,A,-,03,22350,,N,C,C,A,A,H,-,A,D,0,,,,,Y,,A,01,0,0,1,0,0,0,0,0,0,"- ","- ",34.159309387207031,-118.34873199462891,"LOS ANGELES",BURBANK,-118.34856414794922,34.159358978271484
82192623,2023,2023-10-06,1912,2023-04-17,1320,13387,,1,5,6,1912,0,0,0,,0,,"MAGNOLIA BOULEVARD","NAOMI STREET",80.00,E,N,B,-,N,,,,,,,,,,N,3,0,2,2,A,-,03,22350,,N,C,C,A,A,H,-,A,D,0,,,,,Y,,A,01,0,1,1,0,0,0,0,0,0,"- ","- ",,,"LOS ANGELES",BURBANK,-118.33660888671875,34.171352386474609
82192625,2023,2025-03-04,1912,2023-04-18,1038,13387,,2,5,6,1912,0,0,0,,0,,"ALAMEDA AVENUE","FLOWER STREET",0.00,,Y,A,-,N,,,,,,,,,,Y,4,0,2,2,A,-,12,21453,A,N,D,C,A,A,A,-,A,A,0,,,,,Y,,D,22,0,0,2,0,0,0,0,0,0,"- ","- ",34.171428680419922,-118.30303955078125,"LOS ANGELES",BURBANK,-118.30301666259766,34.171390533447266
82192626,2023,2023-10-06,1912,2023-04-18,1334,9393,,2,5,6,1912,0,0,0,,0,,"CLARK AVENUE","ORCHARD DRIVE",0.00,,Y,A,-,N,,,,,,,,,,N,4,0,5,2,A,-,12,22450,A,N,D,C,A,A,H,-,A,A,0,,,,,Y,,A,01,0,0,5,0,0,0,0,0,0,"- ","- ",,,"LOS ANGELES",BURBANK,-118.32595825195312,34.170902252197266
82192627,2023,2023-10-06,1912,2023-04-19,1422,13850,,3,5,6,1912,0,0,0,,0,,"VICTORY BOULEVARD","CHANDLER BOULEVARD",150.00,S,N,A,-,N,,,,,,,,,,N,4,0,2,2,A,-,09,21804,A,N,D,C,A,A,H,-,A,D,0,,,,,Y,,A,01,0,0,2,0,0,0,0,0,0,"- ","- ",,,"LOS ANGELES",BURBANK,-118.31983184814453,34.180370330810547
82192630,2023,2023-10-06,1912,2023-04-23,1339,11822,BURBA,7,5,6,1912,0,0,0,,0,,"VICTORY BOULEVARD","ROSE STREET",69.00,E,N,A,-,N,,,,,,,,,,Y,4,0,1,2,A,-,08,22107,,N,D,C,A,A,H,-,A,A,0,,,,,Y,,A,01,0,0,1,0,0,0,0,0,0,"- ","- ",34.184799194335938,-118.35655212402344,"LOS ANGELES",BURBANK,-118.35629272460938,34.184844970703125
82192631,2023,2023-10-06,1912,2023-04-23,1903,15680,,7,5,6,1912,0,0,0,,0,,"OLIVE AVENUE","3RD STREET",0.00,,Y,A,-,N,,,,,,,,,,N,3,0,1,2,A,-,12,21453,A,N,D,C,A,A,H,-,B,A,0,,,,,Y,,A,01,0,1,0,0,0,0,0,0,0,"- ","- ",34.182018280029297,-118.30745697021484,"LOS ANGELES",BURBANK,-118.34170532226562,34.147422790527344
82192632,2023,2023-10-06,1912,2023-04-23,2000,15259,,7,5,6,1912,0,0,0,,0,,"VANOWEN STREET","HOLLYWOOD WAY",700.00,W,N,A,-,N,,,,,,,,,,N,3,0,1,1,D,-,00,,,N,H,A,A,A,H,-,C,D,0,,Y,,,Y,Y,-,"- ",0,1,0,0,0,0,1,0,0,"- ","- ",34.191780090332031,-118.34892272949219,"LOS ANGELES",BURBANK,-118.35118865966797,34.192234039306641
82192633,2023,2023-10-06,1912,2023-04-25,1834,13377,,2,5,6,1912,0,0,0,,0,,"PALM AVENUE","SAN FERNANDO BOULEVARD",190.00,E,N,A,-,N,,,,,,,,,,N,3,0,1,2,A,-,00,21955,3,N,G,B,D,A,H,-,A,D,0,Y,,,,Y,,A,01,0,1,0,0,1,0,0,0,0,"- ","- ",,,"LOS ANGELES",BURBANK,-118.31031036376953,34.182735443115234
82192634,2023,2023-10-06,1912,2023-04-26,1547,13377,,3,5,6,1912,0,0,0,,0,,"RIVERSIDE DRIVE","BEACHWOOD DRIVE",23.00,W,N,A,-,N,,,,,,,,,,Y,3,0,1,1,A,-,08,22107,,N,E,I,A,A,H,-,A,A,0,,,,,Y,,A,07,0,1,0,0,0,0,0,0,0,"- ","- ",,,"LOS ANGELES",BURBANK,-118.31606292724609,34.157638549804688
82192636,2023,2023-10-06,1912,2023-04-28,1549,12451,,5,5,6,1912,0,0,0,,0,,"VICTORY BOULEVARD","CLARK AVENUE",0.00,,Y,A,-,N,,,,,,,,,,N,3,0,1,2,A,-,17,21461,A,F,C,C,A,A,H,-,A,A,0,,,,,Y,,A,01,0,1,0,0,0,0,0,0,0,"- ","- ",34.174018859863281,-118.31671905517578,"LOS ANGELES",BURBANK,-118.31674957275391,34.174026489257812
82192639,2023,2023-10-06,1912,2023-05-01,1332,13377,,1,5,6,1912,0,0,0,,0,,"GLENOAKS BOULEVARD","OLIVE AVENUE",0.00,,Y,A,B,N,,,,,,,,,,Y,4,0,1,2,A,-,09,21801,A,N,D,C,A,A,H,-,A,A,0,,,,,Y,,A,01,0,0,1,0,0,0,0,0,0,"- ","- ",,,"LOS ANGELES",BURBANK,-118.30626678466797,34.183223724365234
82192640,2023,2023-10-09,1912,2023-05-01,1334,11832,,1,5,6,1912,0,0,0,,0,,"SPARKS STREET","VERDUGO AVENUE",85.00,N,N,A,-,N,,,,,,,,,,N,4,0,1,2,A,-,01,23152,A,M,D,C,A,A,H,-,A,A,0,,,,,Y,Y,D,22,0,0,1,0,0,0,0,0,0,"- ","- ",34.168178558349609,-118.32221221923828,"LOS ANGELES",BURBANK,-118.32233428955078,34.168380737304688
82192641,2023,2023-10-06,1912,2023-05-02,1142,14583,1912,2,5,6,1912,0,0,0,,0,,"3RD STREET","DELAWARE ROAD",0.00,,Y,A,-,N,,,,,,,,,,N,3,0,1,2,A,-,12,22450,A,N,D,C,A,A,H,-,A,A,0,,,,,Y,,A,01,0,1,0,0,0,0,0,0,0,"- ","- ",34.188991546630859,-118.31729125976562,"LOS ANGELES",BURBANK,-118.31724548339844,34.189109802246094
82192642,2023,2023-10-06,1912,2023-05-02,1120,14023,,2,5,6,1912,0,0,0,,0,,"REESE PLACE","VERDUGO AVENUE",0.00,,Y,A,-,N,,,,,,,,,,N,3,0,1,2,A,-,10,21950,A,N,G,B,B,A,H,-,A,D,0,Y,,,,Y,,A,01,0,1,0,0,1,0,0,0,0,"- ","- ",34.167839050292969,-118.32322692871094,"LOS ANGELES",BURBANK,-118.32327270507812,34.167842864990234
82192643,2023,2023-10-06,1912,2023-05-02,2117,13377,,2,5,6,1912,0,0,0,,0,,"VERDUGO AVENUE","ROSEMARY LANE",0.00,,Y,A,-,N,,,,,,,,,,N,4,0,2,2,A,-,12,22450,A,N,C,C,A,A,H,-,A,D,0,,,,,Y,,A,01,0,0,2,0,0,0,0,0,0,"- ","- ",,,"LOS ANGELES",BURBANK,-118.33779144287109,34.162956237792969
82192646,2023,2023-10-06,1912,2023-05-05,"915 ",13850,,5,5,6,1912,0,0,0,,0,,"MAGNOLIA BOULEVARD","HOLLYWOOD WAY",65.00,E,N,B,-,N,,,,,,,,,,Y,3,0,3,2,A,-,03,22350,,N,C,C,A,B,H,-,A,D,0,,,,,Y,,A,07,0,1,2,0,0,0,0,0,0,"- ","- ",,,"LOS ANGELES",BURBANK,-118.34680938720703,34.167938232421875
82192647,2023,2023-10-06,1912,2023-05-05,1650,12451,,5,5,6,1912,0,0,0,,0,,"OLIVE AVENUE","RIVERSIDE DRIVE",0.00,,Y,A,-,N,,,,,,,,,,N,4,0,1,2,A,-,07,21658,A,N,B,C,A,A,H,-,A,A,0,,,,,Y,,A,07,0,0,1,0,0,0,0,0,0,"- ","- ",,,"LOS ANGELES",BURBANK,-118.33824157714844,34.152957916259766
82192648,2023,2023-10-06,1912,2023-05-06,"240 ",15490,,6,5,6,1912,0,0,0,,0,,"SCREENLAND DRIVE","CHANDLER BOULEVARD",0.00,,Y,A,-,N,,,,,,,,,,Y,3,0,1,4,A,-,01,23152,A,N,C,E,A,A,H,-,C,A,0,,,,,Y,Y,A,01,0,1,0,0,0,0,0,0,0,"- ","- ",34.171001434326172,-118.34983825683594,"LOS ANGELES",BURBANK,-118.34973907470703,34.17108154296875
82192649,2023,2023-10-06,1912,2023-05-06,1545,13813,,6,5,6,1912,0,0,0,,0,,"SANTA ANITA AVENUE","3RD STREET",0.00,,Y,A,-,N,,,,,,,,,,N,4,0,3,2,A,-,09,21802,A,N,D,C,A,A,H,-,A,A,0,,,,,Y,,A,01,0,0,3,0,0,0,0,0,0,"- ","- ",34.179191589355469,-118.30351257324219,"LOS ANGELES",BURBANK,-118.30352783203125,34.179157257080078
82192650,2023,2023-10-06,1912,2023-05-06,1942,14849,,6,5,6,1912,0,0,0,,0,,"SANTA ANITA AVENUE","GLENOAKS BOULEVARD",570.00,E,N,A,-,N,,,,,,,,,,N,4,0,1,2,A,-,09,21804,A,N,D,C,A,A,H,-,C,D,0,,,,,Y,,A,01,0,0,1,0,0,0,0,0,0,"- ","- ",34.180328369140625,-118.30227661132812,"LOS ANGELES",BURBANK,-118.30104827880859,34.181495666503906
82192651,2023,2023-10-06,1912,2023-05-06,2344,14849,,6,5,6,1912,0,0,0,,0,,"GLENOAKS BOULEVARD","LAMER STREET",0.00,,Y,A,-,N,,,,,,,,,,Y,4,0,1,3,A,-,09,21802,A,N,D,E,A,A,H,-,C,A,0,,,,,Y,,A,01,0,0,1,0,0,0,0,0,0,"- ","- ",34.201789855957031,-118.33238220214844,"LOS ANGELES",BURBANK,-118.3323974609375,34.201915740966797
82192652,2023,2023-10-06,1912,2023-05-07,1759,14609,,7,5,6,1912,0,0,0,,0,,"HOLLYWOOD WAY","VICTORY BOULEVARD",160.00,S,N,A,-,N,,,,,,,,,,Y,3,0,2,2,A,-,09,21804,A,N,B,C,A,A,H,-,A,A,0,,,,,Y,,A,01,0,2,0,0,0,0,0,0,0,"- ","- ",34.184730529785156,-118.34915924072266,"LOS ANGELES",BURBANK,-118.34916687011719,34.184280395507812
82192654,2023,2023-10-06,1912,2023-05-08,1806,13813,,1,5,6,1912,0,0,0,,0,,"CYPRESS AVENUE","3RD STREET",0.00,,Y,A,-,N,,,,,,,,,,N,4,0,1,2,D,-,00,,,N,G,B,B,A,H,-,A,A,0,Y,,,,Y,,-,"- ",0,0,1,0,1,0,0,0,0,"- ","- ",,,"LOS ANGELES",BURBANK,-118.31237030029297,34.18560791015625
82192655,2023,2023-10-06,1912,2023-05-09,"912 ",13387,,2,5,6,1912,0,0,0,,0,,"VICTORY BOULEVARD","VERDUGO AVENUE",0.00,,Y,A,-,N,,,,,,,,,,Y,4,0,2,2,A,-,07,21658,A,N,B,C,A,A,H,-,A,A,0,,,,,Y,,A,01,0,0,2,0,0,0,0,0,0,"- ","- ",,,"LOS ANGELES",BURBANK,-118.31507873535156,34.170570373535156
82192656,2023,2023-10-06,1912,2023-05-09,1926,13813,,2,5,6,1912,0,0,0,,0,,"MAPLE STREET","ALAMEDA AVENUE",0.00,,Y,B,-,N,,,,,,,,,,N,3,0,1,2,D,-,00,,,N,G,B,B,A,H,-,B,A,0,Y,,,,Y,,-,"- ",0,1,0,0,1,0,0,0,0,"- ","- ",34.15277099609375,-118.34438323974609,"LOS ANGELES",BURBANK,-118.34334564208984,34.153110504150391
82192657,2023,2023-10-06,1912,2023-05-10,"854 ",9393,,3,5,6,1912,0,0,0,,0,,"HOLLYWOOD WAY","BURBANK BOULEVARD",40.00,S,N,B,-,N,,,,,,,,,,N,4,0,1,2,A,-,03,22350,,N,C,C,A,A,H,-,A,A,0,,,,,Y,,A,08,0,0,1,0,0,0,0,0,0,"- ","- ",34.174930572509766,-118.34944915771484,"LOS ANGELES",BURBANK,-118.34934234619141,34.174880981445312
82192659,2023,2023-10-06,1912,2023-05-11,"919 ",12451,,4,5,6,1912,0,0,0,,0,,"EDISON BOULEVARD","BURBANK BOULEVARD",0.00,,Y,A,-,N,,,,,,,,,,Y,4,0,1,2,A,-,12,21453,A,N,D,C,A,A,H,-,A,A,0,,,,,Y,,D,22,0,0,1,0,0,0,0,0,0,"- ","- ",,,"LOS ANGELES",BURBANK,-118.35025024414062,34.1746826171875
82192661,2023,2023-10-09,1912,2023-05-11,1613,12451,,4,5,6,1912,0,0,0,,0,,"KEYSTONE STREET","KENNETH ROAD",485.00,W,N,A,-,N,,,,,,,,,,Y,4,0,2,3,A,-,06,21755,A,N,B,C,A,A,H,-,A,D,0,,,,,Y,,A,07,0,0,2,0,0,0,0,0,0,"- ","- ",,,"LOS ANGELES",BURBANK,,
82192662,2023,2023-10-06,1912,2023-05-12,1515,12451,,5,5,6,1912,0,0,0,,0,,"SAN FERNANDO BOULEVARD","BRIGHTON STREET",0.00,,Y,A,-,N,,,,,,,,,,Y,3,0,4,2,A,-,07,21658,A,N,D,C,A,A,H,-,A,A,0,,,,,Y,,A,01,0,4,0,0,0,0,0,0,0,"- ","- ",,,"LOS ANGELES",BURBANK,-118.33659362792969,34.197002410888672
82192663,2023,2023-10-06,1912,2023-05-12,1911,15490,,5,5,6,1912,0,0,0,,0,,"GLENOAKS BOULEVARD","TUJUNGA AVENUE",127.00,N,N,A,-,N,,,,,,,,,,N,3,0,1,3,A,-,03,22350,,N,C,C,A,A,H,-,A,A,0,,,,,Y,,A,01,0,1,0,0,0,0,0,0,0,"- ","- ",34.181751251220703,-118.30422210693359,"LOS ANGELES",BURBANK,-118.30454254150391,34.181972503662109
82192664,2023,2023-10-06,1912,2023-05-13,1626,14849,,6,5,6,1912,0,0,0,,0,,"CHANDLER BOULEVARD","NAOMI STREET",0.00,,Y,A,-,N,,,,,,,,,,N,3,0,1,2,A,-,11,21954,A,N,G,B,E,A,H,-,A,B,0,Y,,,,Y,,N,60,0,1,0,0,1,0,0,0,0,"- ","- ",34.174800872802734,-118.33857727050781,"LOS ANGELES",BURBANK,-118.33855438232422,34.174781799316406
82192665,2023,2023-10-06,1912,2023-05-14,"102 ",15490,,7,5,6,1912,0,0,0,,0,,"VERDUGO AVENUE","CALIFORNIA STREET",137.00,E,N,A,-,N,,,,,,,,,,Y,3,0,1,1,A,-,03,22350,,N,F,I,A,A,H,-,C,A,0,,,,,Y,,D,22,0,1,0,0,0,0,0,0,0,"- ","- ",34.162269592285156,-118.33979034423828,"LOS ANGELES",BURBANK,-118.33920288085938,34.162483215332031
82192666,2023,2023-10-06,1912,2023-05-17,1052,13850,,3,5,6,1912,0,0,0,,0,,"1ST STREET","MAGNOLIA BOULEVARD",0.00,,Y,A,-,N,,,,,,,,,,Y,3,0,2,2,A,-,09,21801,A,N,A,C,A,A,H,-,A,A,0,,,,,Y,,A,01,0,1,1,0,0,0,0,0,0,"- ","- ",,,"LOS ANGELES",BURBANK,-118.31300354003906,34.181884765625
82192667,2023,2023-10-06,1912,2023-05-17,1942,11832,,3,5,6,1912,0,0,0,,0,,"ROSE STREET","VICTORY BOULEVARD",145.00,S,N,A,-,N,,,,,,,,,,N,3,0,1,3,A,-,09,21804,A,N,B,C,A,A,H,-,B,D,0,,,Y,,Y,,C,02,0,1,0,0,0,0,0,0,1,"- ","- ",,,"LOS ANGELES",BURBANK,-118.35652923583984,34.184452056884766
82192668,2023,2023-10-06,1912,2023-05-17,2030,15454,,3,5,6,1912,0,0,0,,0,,"KENNETH ROAD","BIRMINGHAM ROAD",0.00,,Y,A,-,N,,,,,,,,,,Y,4,0,1,2,A,-,09,21804,A,N,D,C,A,A,H,-,C,A,0,,,,,Y,,A,01,0,0,1,0,0,0,0,0,0,"- ","- ",34.199378967285156,-118.31723022460938,"LOS ANGELES",BURBANK,-118.31722259521484,34.199359893798828
82192669,2023,2023-10-09,1912,2023-05-17,1805,14609,1912,3,5,6,1912,0,0,0,,0,E/F,"OLIVE AVENUE","PARISH PLACE",112.00,E,N,A,-,N,,,,,,,,,,N,3,0,1,2,A,-,09,21804,A,F,G,B,F,A,H,-,A,D,0,Y,,,,Y,,A,01,0,1,0,0,1,0,0,0,0,"- ","- ",34.165679931640625,-118.32479858398438,"LOS ANGELES",BURBANK,-118.32441711425781,34.166046142578125
82192670,2023,2023-10-06,1912,2023-05-19,1450,15454,,5,5,6,1912,0,0,0,,0,,"ALAMEDA AVENUE","MAIN STREET",40.00,S,N,A,-,N,,,,,,,,,,Y,4,0,1,2,A,-,09,21804,A,N,D,C,A,A,H,-,A,D,0,,,,,Y,,D,22,0,0,1,0,0,0,0,0,0,"- ","- ",34.163551330566406,-118.31192779541016,"LOS ANGELES",BURBANK,-118.31186676025391,34.163650512695312
82192671,2023,2023-10-06,1912,2023-05-20,1533,14849,,6,5,6,1912,0,0,0,,0,,"MAGNOLIA BOULEVARD","PASS AVENUE",0.00,,Y,A,-,N,,,,,,,,,,Y,3,0,2,2,A,-,12,21453,A,N,D,C,A,A,H,-,A,A,0,,,,,Y,,A,01,0,2,0,0,0,0,0,0,0,"- ","- ",34.166458129882812,-118.35104370117188,"LOS ANGELES",BURBANK,-118.35102081298828,34.166519165039062
82192672,2023,2023-10-09,1912,2023-05-12,1258,9393,,5,5,6,1912,0,0,0,,0,,"TULARE AVENUE","HOLLYWOOD WAY",74.00,W,N,A,-,N,,,,,,,,,,N,4,0,1,2,A,-,03,22350,,M,C,C,A,A,H,-,A,A,0,,,,,Y,,D,22,0,0,1,0,0,0,0,0,0,"- ","- ",,,"LOS ANGELES",BURBANK,,
82192673,2023,2023-10-09,1912,2023-05-22,2021,11832,,1,5,6,1912,0,0,0,,0,,"SAN FERNANDO BOULEVARD","WALNUT AVENUE",150.00,N,N,A,-,N,,,,,,,,,,N,4,0,1,2,A,-,09,21804,A,M,G,B,E,A,H,-,C,D,0,Y,,,,Y,,-,99,0,0,1,0,1,0,0,0,0,"- ","- ",,,"LOS ANGELES",BURBANK,-118.31768035888672,34.187419891357422
82192674,2023,2023-10-06,1912,2023-05-23,"800 ",13377,,2,5,6,1912,0,0,0,,0,,"HOLLYWOOD WAY","JEFFRIES AVENUE",0.00,,Y,A,B,N,,,,,,,,,,Y,4,0,2,3,A,-,09,21801,A,N,D,C,A,A,H,-,A,A,0,,,,,Y,,A,07,0,0,2,0,0,0,0,0,0,"- ","- ",,,"LOS ANGELES",BURBANK,-118.34922790527344,34.181083679199219
82192675,2023,2023-10-06,1912,2023-05-23,"830 ",15746,1912,2,5,6,1912,0,0,0,,0,,"VERDUGO AVENUE","LINCOLN STREET",0.00,,Y,B,-,N,,,,,,,,,,Y,3,0,1,2,A,-,09,21800,B,N,D,C,A,A,H,-,A,D,0,,,,,Y,,A,01,0,1,0,0,0,0,0,0,0,"- ","- ",34.165779113769531,-118.32935333251953,"LOS ANGELES",BURBANK,-118.329345703125,34.165809631347656
82192678,2023,2023-10-06,1912,2023-05-25,"846 ",13377,,4,5,6,1912,0,0,0,,0,,"BEL AIRE DRIVE","DELAWARE ROAD",0.00,,Y,A,B,N,,,,,,,,,,N,3,0,2,2,A,-,12,22450,A,N,D,C,A,A,H,-,A,A,0,,,,,Y,,A,01,0,1,1,0,0,0,0,0,0,"- ","- ",,,"LOS ANGELES",BURBANK,-118.30867767333984,34.197246551513672
82192679,2023,2023-10-06,1912,2023-05-25,1720,13813,,4,5,6,1912,0,0,0,,0,,"BUENA VISTA STREET","RIVERSIDE DRIVE",10.00,N,N,B,-,N,,,,,,,,,,N,4,0,1,2,A,-,02,22400,A,N,C,C,A,A,H,-,A,A,0,,,,,Y,,A,01,0,0,1,0,0,0,0,0,0,"- ","- ",,,"LOS ANGELES",BURBANK,-118.32619476318359,34.1541748046875
82192683,2023,2023-10-06,1912,2023-05-29,2218,15686,1912,1,5,6,1912,0,0,0,,0,00C,"GLENOAKS BOULEVARD","PALM AVENUE",0.00,,Y,A,-,N,,,,,,,,,,Y,3,0,2,2,A,-,08,22107,,N,B,C,A,A,H,-,C,D,0,,,,,Y,,A,01,0,2,0,0,0,0,0,0,0,"- ","- ",34.184661865234375,-118.30825042724609,"LOS ANGELES",BURBANK,-118.30824279785156,34.184673309326172
82192687,2023,2023-10-06,1912,2023-05-30,1312,13208,1912,2,5,6,1912,0,0,0,,0,,"GLENOAKS BOULEVARD","TUJUNGA AVENUE",0.00,,Y,B,-,N,,,,,,,,,,N,4,0,1,2,A,-,09,21801,A,N,D,C,A,A,H,-,A,D,0,,,,,Y,,A,01,0,0,1,0,0,0,0,0,0,"- ","- ",34.181751251220703,-118.30422210693359,"LOS ANGELES",BURBANK,-118.30422210693359,34.181747436523438
82192689,2023,2023-10-06,1912,2023-05-30,1515,9393,,2,5,6,1912,0,0,0,,0,,"BEACHWOOD DRIVE","MAGNOLIA BOULEVARD",130.00,N,N,B,-,N,,,,,,,,,,N,3,0,1,2,A,-,09,21804,A,N,D,C,A,A,H,-,A,D,0,,,Y,,Y,,C,03,0,1,0,0,0,0,0,0,1,"- ","- ",,,"LOS ANGELES",BURBANK,-118.32474517822266,34.175750732421875
82192691,2023,2023-10-06,1912,2023-05-31,"747 ",13850,,3,5,6,1912,0,0,0,,0,,"HOLLYWOOD WAY","AVON STREET",164.00,N,N,A,-,N,,,,,,,,,,Y,3,0,1,1,A,-,07,21658,A,N,E,I,A,A,H,-,A,D,0,,,,,Y,,A,07,0,1,0,0,0,0,0,0,0,"- ","- ",34.193149566650391,-118.34893798828125,"LOS ANGELES",BURBANK,-118.34892272949219,34.193988800048828
82192694,2023,2023-10-06,1912,2023-06-04,1831,15510,,7,5,6,1912,0,0,0,,0,,"ALAMEDA AVENUE","HOLLYWOOD WAY",0.00,,Y,A,-,N,,,,,,,,,,N,4,0,1,3,A,-,12,21453,A,N,D,C,A,A,H,-,A,A,0,,,,,Y,,A,01,0,0,1,0,0,0,0,0,0,"- ","- ",34.154140472412109,-118.34033203125,"LOS ANGELES",BURBANK,-118.34031677246094,34.154155731201172
82192696,2023,2023-10-06,1912,2023-06-04,2329,15509,1912,7,5,6,1912,0,0,0,,0,,"HOLLYWOOD WAY","THORNTON AVENUE",0.00,,Y,A,-,N,,,,,,,,,,Y,3,0,2,2,A,-,01,23153,A,N,B,C,A,A,H,-,C,A,0,,,,,Y,Y,D,23,0,2,0,0,0,0,0,0,0,"- ","- ",34.195598602294922,-118.34895324707031,"LOS ANGELES",BURBANK,-118.34892272949219,34.195697784423828
82192697,2023,2023-10-09,1912,2023-06-05,1010,13377,,1,5,6,1912,0,0,0,,0,,"LAKE STREET","ASH AVENUE (E)",30.00,N,N,B,-,N,,,,,,,,,,N,3,0,1,2,A,-,00,21760,A,F,B,G,A,A,H,-,A,D,0,,Y,,,Y,,A,01,0,1,0,0,0,0,1,0,0,"- ","- ",34.169948577880859,-118.30706024169922,"LOS ANGELES",BURBANK,-118.30713653564453,34.170284271240234
82193474,2023,2023-10-09,1912,2023-07-01,1259,15626,1912,6,5,6,1912,0,0,0,,0,00A,"GLENOAKS BOULEVARD","BRIGHTON STREET",0.00,,Y,A,-,N,,,,,,,,,,N,3,0,1,1,D,-,00,,,N,-,A,A,A,H,-,A,D,0,,,Y,,Y,,-,"- ",0,1,0,0,0,0,0,0,1,"- ","- ",34.204418182373047,-118.33660888671875,"LOS ANGELES",BURBANK,-118.33663177490234,34.204429626464844
82193476,2023,2023-10-09,1912,2023-06-03,1749,15490,,6,5,6,1912,0,0,0,,0,,"VICTORY BOULEVARD","PROVIDENCIA AVENUE",0.00,,Y,A,-,N,,,,,,,,,,Y,3,0,1,2,A,-,08,22107,,N,B,C,A,A,H,-,A,A,0,,,Y,,Y,,C,02,0,1,0,0,0,0,0,0,1,"- ","- ",,,"LOS ANGELES",BURBANK,-118.31189727783203,34.169635772705078
82193477,2023,2023-10-09,1912,2023-06-06,1456,13813,,2,5,6,1912,0,0,0,,0,,"ALAMEDA AVENUE","OMER LANE",113.00,E,N,B,-,N,,,,,,,,,,N,4,0,1,2,A,-,03,22350,,N,C,C,A,A,H,-,A,D,0,,,,,Y,,A,01,0,0,1,0,0,0,0,0,0,"- ","- ",34.167720794677734,-118.30693054199219,"LOS ANGELES",BURBANK,-118.30648803710938,34.16815185546875
82193479,2023,2023-10-09,1912,2023-06-09,1209,15454,,5,5,6,1912,0,0,0,,0,,"VERDUGO AVENUE","SCREENLAND DRIVE",80.00,W,N,A,-,N,,,,,,,,,,Y,4,0,1,2,A,-,09,21804,A,N,D,C,A,A,H,-,A,D,0,,,,,Y,,A,01,0,0,1,0,0,0,0,0,0,"- ","- ",34.160678863525391,-118.34464263916016,"LOS ANGELES",BURBANK,-118.34494018554688,34.160564422607422
82193480,2023,2023-10-09,1912,2023-06-09,1529,13208,,5,5,6,1912,0,0,0,,0,,"6TH STREET","WALNUT AVENUE",0.00,,Y,A,-,N,,,,,,,,,,Y,4,0,1,2,D,-,00,,,N,D,C,A,A,H,-,A,A,0,,,,,Y,,-,"- ",0,0,1,0,0,0,0,0,0,"- ","- ",34.191780090332031,-118.31266021728516,"LOS ANGELES",BURBANK,-118.31263732910156,34.191970825195312
82193481,2023,2023-10-09,1912,2023-06-09,1850,14849,,5,5,6,1912,0,0,0,,0,,"6TH STREET","CEDAR AVENUE",200.00,N,N,B,-,N,,,,,,,,,,N,4,0,1,2,A,-,21,22106,,N,D,C,A,A,H,-,A,D,0,,,,,Y,,D,72,0,0,1,0,0,0,0,0,0,"- ","- ",34.180980682373047,-118.2979736328125,"LOS ANGELES",BURBANK,-118.29837036132812,34.181529998779297
82193486,2023,2023-10-09,1912,2023-06-13,"810 ",9393,,2,5,6,1912,0,0,0,,0,,"ALAMEDA AVENUE","HOLLYWOOD WAY",0.00,,Y,B,-,N,,,,,,,,,,Y,4,0,1,2,A,-,12,21453,A,N,D,C,A,A,H,-,A,A,0,,,,,Y,,A,01,0,0,1,0,0,0,0,0,0,"- ","- ",,,"LOS ANGELES",BURBANK,-118.34031677246094,34.154155731201172