CASE_ID,ACCIDENT_YEAR,PROC_DATE,JURIS,COLLISION_DATE,COLLISION_TIME,OFFICER_ID,REPORTING_DISTRICT,DAY_OF_WEEK,CHP_SHIFT,POPULATION,CNTY_CITY_LOC,SPECIAL_COND,BEAT_TYPE,CHP_BEAT_TYPE,CITY_DIVISION_LAPD,CHP_BEAT_CLASS,BEAT_NUMBER,PRIMARY_RD,SECONDARY_RD,DISTANCE,DIRECTION,INTERSECTION,WEATHER_1,WEATHER_2,STATE_HWY_IND,CALTRANS_COUNTY,CALTRANS_DISTRICT,STATE_ROUTE,ROUTE_SUFFIX,POSTMILE_PREFIX,POSTMILE,LOCATION_TYPE,RAMP_INTERSECTION,SIDE_OF_HWY,TOW_AWAY,COLLISION_SEVERITY,NUMBER_KILLED,NUMBER_INJURED,PARTY_COUNT,PRIMARY_COLL_FACTOR,PCF_CODE_OF_VIOL,PCF_VIOL_CATEGORY,PCF_VIOLATION,PCF_VIOL_SUBSECTION,HIT_AND_RUN,TYPE_OF_COLLISION,MVIW,PED_ACTION,ROAD_SURFACE,ROAD_COND_1,ROAD_COND_2,LIGHTING,CONTROL_DEVICE,CHP_ROAD_TYPE,PEDESTRIAN_ACCIDENT,BICYCLE_ACCIDENT,MOTORCYCLE_ACCIDENT,TRUCK_ACCIDENT,NOT_PRIVATE_PROPERTY,ALCOHOL_INVOLVED,STWD_VEHTYPE_AT_FAULT,CHP_VEHTYPE_AT_FAULT,COUNT_SEVERE_INJ,COUNT_VISIBLE_INJ,COUNT_COMPLAINT_PAIN,COUNT_PED_KILLED,COUNT_PED_INJURED,COUNT_BICYCLIST_KILLED,COUNT_BICYCLIST_INJURED,COUNT_MC_KILLED,COUNT_MC_INJURED,PRIMARY_RAMP,SECONDARY_RAMP,LATITUDE,LONGITUDE,COUNTY,CITY,POINT_X,POINT_Y
82193572,2023,2023-10-09,1912,2023-08-10,"915 ",15664,1912,4,5,6,1912,0,0,0,,0,00D,"ANGELENO AVENUE","BEL AIRE DRIVE",0.00,,Y,A,-,N,,,,,,,,,,N,4,0,1,2,-,-,"- ",,,N,D,C,A,A,H,-,A,A,0,,,,,Y,,-,"- ",0,0,1,0,0,0,0,0,0,"- ","- ",,,"LOS ANGELES",BURBANK,-118.29789733886719,34.189380645751953
82193574,2023,2023-10-09,1912,2023-08-11,"953 ",13850,,5,5,6,1912,0,0,0,,0,,"ALAMEDA AVENUE","SHELTON STREET",356.00,E,N,B,-,N,,,,,,,,,,Y,3,0,2,2,A,-,09,21801,A,N,D,C,A,A,H,-,A,A,0,,,,,Y,,A,08,0,2,0,0,0,0,0,0,0,"- ","- ",,,"LOS ANGELES",BURBANK,-118.31385803222656,34.162990570068359
82193578,2023,2023-10-09,1912,2023-08-11,"957 ",11822,BURBA,5,5,6,1912,0,0,0,,0,,"3RD STREET","BURBANK BOULEVARD",0.00,,Y,A,-,N,,,,,,,,,,N,4,0,2,2,A,-,03,22350,,N,C,C,A,A,H,-,A,A,0,,,,,Y,,A,01,0,0,2,0,0,0,0,0,0,"- ","- ",34.187431335449219,-118.31482696533203,"LOS ANGELES",BURBANK,-118.31484985351562,34.187435150146484
82193580,2023,2023-10-09,1912,2023-08-12,2331,15490,,6,5,6,1912,0,0,0,,0,,"PASS AVENUE","HEFFRON DRIVE",24.00,N,N,A,-,N,,,,,,,,,,Y,3,0,1,1,A,-,08,22107,,N,E,I,A,A,H,-,C,D,0,,,,,Y,,A,01,0,1,0,0,0,0,0,0,0,"- ","- ",34.154888153076172,-118.34567260742188,"LOS ANGELES",BURBANK,-118.34550476074219,34.154991149902344
82193582,2023,2023-10-09,1912,2023-08-15,2129,11832,,2,5,6,1912,0,0,0,,0,,"BUENA VISTA STREET","VERDUGO AVENUE",0.00,,Y,A,-,N,,,,,,,,,,Y,3,0,2,2,A,-,01,23153,A,N,D,C,A,A,H,-,C,A,0,,,,,Y,Y,A,01,0,1,1,0,0,0,0,0,0,"- ","- ",,,"LOS ANGELES",BURBANK,-118.33145141601562,34.165069580078125
82193815,2023,2023-10-09,1912,2023-07-16,1143,14481,,7,5,6,1912,0,0,0,,0,,"RIVERSIDE DRIVE","VALLEY STREET",32.00,E,N,A,-,N,,,,,,,,,,Y,3,0,2,2,A,-,09,21801,A,N,D,C,A,A,H,-,A,D,0,,,,,Y,,A,01,0,1,1,0,0,0,0,0,0,"- ","- ",34.152210235595703,-118.34764862060547,"LOS ANGELES",BURBANK,-118.34755706787109,34.152210235595703
82193819,2023,2023-10-09,1912,2023-08-09,1205,9393,,3,5,6,1912,0,0,0,,0,,"ALAMEDA AVENUE","GRIFFITH PARK DRIVE",90.00,W,N,A,-,N,,,,,,,,,,N,3,0,1,2,A,-,08,22107,,N,C,E,A,A,H,-,A,D,0,,,,,Y,,M,94,0,1,0,0,0,0,0,0,0,"- ","- ",34.161849975585938,-118.31707763671875,"LOS ANGELES",BURBANK,-118.31719207763672,34.161876678466797
82193822,2023,2023-10-09,1912,2023-08-11,2244,15490,,5,5,6,1912,0,0,0,,0,,"BUENA VISTA STREET","VICTORY BOULEVARD",37.00,N,N,A,-,N,,,,,,,,,,Y,4,0,1,2,A,-,09,21804,A,N,D,C,A,A,H,-,C,A,0,,,,,Y,,A,01,0,0,1,0,0,0,0,0,0,"- ","- ",34.184429168701172,-118.33841705322266,"LOS ANGELES",BURBANK,-118.33834838867188,34.184700012207031
82193823,2023,2023-10-09,1912,2023-08-15,1659,9393,,2,5,6,1912,0,0,0,,0,,"VICTORY BOULEVARD","VERDUGO AVENUE",0.00,,Y,A,-,N,,,,,,,,,,N,4,0,1,2,A,-,07,21658,A,N,B,C,A,A,H,-,A,A,0,,,,,Y,,A,07,0,0,1,0,0,0,0,0,0,"- ","- ",,,"LOS ANGELES",BURBANK,-118.31507873535156,34.170570373535156
82193824,2023,2023-10-09,1912,2023-08-15,2142,13813,,2,5,6,1912,0,0,0,,0,,"GLENOAKS BOULEVARD","SANTA ANITA AVENUE",31.00,S,N,A,-,N,,,,,,,,,,N,4,0,2,2,A,-,03,22350,,N,C,C,A,A,H,-,C,D,0,,,,,Y,,A,01,0,0,2,0,0,0,0,0,0,"- ","- ",34.180118560791016,-118.30239105224609,"LOS ANGELES",BURBANK,-118.30221557617188,34.180263519287109
82193825,2023,2023-10-09,1912,2023-08-19,1800,14849,,6,5,6,1912,0,0,0,,0,,"SAN FERNANDO BOULEVARD","GRISMER AVENUE",280.00,N,N,B,-,N,,,,,,,,,,N,4,0,1,2,A,-,05,21650,1,N,A,G,A,A,H,-,A,A,0,,Y,,,Y,,L,04,0,0,1,0,0,0,1,0,0,"- ","- ",34.191680908203125,-118.32525634765625,"LOS ANGELES",BURBANK,,
82193826,2023,2023-10-09,1912,2023-08-19,1859,14849,,6,5,6,1912,0,0,0,,0,,"OLIVE AVENUE","1ST STREET",0.00,,Y,B,-,N,,,,,,,,,,Y,4,0,1,2,A,-,09,21801,A,N,D,C,A,A,H,-,A,A,0,,,,,Y,,A,01,0,0,1,0,0,0,0,0,0,"- ","- ",34.179698944091797,-118.31002807617188,"LOS ANGELES",BURBANK,-118.31002044677734,34.179714202880859
82193828,2023,2023-10-09,1912,2023-08-22,1359,13377,,2,5,6,1912,0,0,0,,0,,"6TH STREET","BETHANY ROAD",25.00,N,N,A,-,N,,,,,,,,,,Y,3,0,2,2,A,-,08,22107,,N,A,E,A,A,H,-,A,A,0,,,,,Y,,D,22,0,1,1,0,0,0,0,0,0,"- ","- ",,,"LOS ANGELES",BURBANK,-118.31539916992188,34.193954467773438
82193829,2023,2023-10-09,1912,2023-08-23,1146,9393,,3,5,6,1912,0,0,0,,0,,"3RD STREET","MAGNOLIA BOULEVARD",0.00,,Y,A,-,N,,,,,,,,,,N,3,0,1,2,A,-,10,21950,A,N,G,B,B,A,H,-,A,A,0,Y,,,,Y,,A,01,0,1,0,0,1,0,0,0,0,"- ","- ",,,"LOS ANGELES",BURBANK,-118.31050109863281,34.184215545654297
82193830,2023,2023-10-09,1912,2023-08-23,2024,15454,,3,5,6,1912,0,0,0,,0,,"OLIVE AVENUE","GLENOAKS BOULEVARD",0.00,,Y,A,-,N,,,,,,,,,,N,4,0,1,2,A,-,10,21950,A,N,G,B,B,A,H,-,A,D,0,Y,,,,Y,,A,07,0,0,1,0,1,0,0,0,0,"- ","- ",34.183181762695312,-118.30622863769531,"LOS ANGELES",BURBANK,-118.30626678466797,34.183223724365234
82193831,2023,2023-10-09,1912,2023-08-23,2036,14849,,3,5,6,1912,0,0,0,,0,,"MAGNOLIA BOULEVARD","BUENA VISTA STREET",0.00,,Y,A,-,N,,,,,,,,,,N,4,0,1,1,A,-,03,22350,,N,F,A,A,A,H,-,C,A,0,,,Y,,Y,,C,02,0,0,1,0,0,0,0,0,1,"- ","- ",34.171970367431641,-118.33474731445312,"LOS ANGELES",BURBANK,-118.33475494384766,34.171974182128906
82193832,2023,2023-10-09,1912,2023-08-24,1129,12451,,4,5,6,1912,0,0,0,,0,,"CLARK AVENUE","LAMER STREET",50.00,W,N,A,-,N,,,,,,,,,,N,4,0,1,2,A,-,08,22107,,N,A,C,A,A,H,-,A,A,0,,,,Y,Y,,F,27,0,0,1,0,0,0,0,0,0,"- ","- ",,,"LOS ANGELES",BURBANK,-118.32810974121094,34.170177459716797
82193833,2023,2023-10-09,1912,2023-08-24,1641,12451,,4,5,6,1912,0,0,0,,0,,"EMPIRE AVENUE","AVENUE A",0.00,,Y,A,-,N,,,,,,,,,,N,3,0,2,2,A,-,03,22350,,N,C,C,A,A,H,-,A,A,0,,,,,Y,,A,01,0,1,1,0,0,0,0,0,0,"- ","- ",34.193279266357422,-118.35414123535156,"LOS ANGELES",BURBANK,-120.54074859619141,38.229354858398438
82193835,2023,2023-11-17,1912,2023-08-25,1835,15490,,5,5,6,1912,0,0,0,,0,,"VICTORY BOULEVARD","CLYBOURN AVENUE (W)",0.00,,Y,A,-,N,,,,,,,,,,Y,4,0,1,2,A,-,09,21802,A,F,D,C,A,A,H,-,A,A,0,,,,,Y,,A,01,0,0,1,0,0,0,0,0,0,"- ","- ",34.186691284179688,-118.36376190185547,"LOS ANGELES",BURBANK,-118.35971832275391,34.184879302978516
82193836,2023,2023-10-09,1912,2023-08-27,1348,11822,BURBA,7,5,6,1912,0,0,0,,0,,"RIVERSIDE DRIVE","BEACHWOOD DRIVE",0.00,,Y,A,-,N,,,,,,,,,,Y,2,0,5,2,A,-,03,22350,,N,A,C,A,A,H,-,A,A,0,,,,,Y,,A,01,1,2,2,0,0,0,0,0,0,"- ","- ",34.157600402832031,-118.31600189208984,"LOS ANGELES",BURBANK,-118.31598663330078,34.157619476318359
82193838,2023,2023-10-09,1912,2023-08-28,"405 ",15510,,1,5,6,1912,0,0,0,,0,,"HOLLYWOOD WAY","VERDUGO AVENUE",787.00,S,N,A,-,N,,,,,,,,,,N,3,0,2,1,A,-,03,22350,,N,E,I,A,A,H,-,C,A,0,,,,,Y,,A,01,0,2,0,0,0,0,0,0,0,"- ","- ",34.1610107421875,-118.34361267089844,"LOS ANGELES",BURBANK,-118.34268188476562,34.159004211425781
82193839,2023,2023-10-09,1912,2023-08-29,1344,13377,,2,5,6,1912,0,0,0,,0,,"CLARK AVENUE","BEACHWOOD DRIVE",0.00,,Y,A,-,N,,,,,,,,,,N,3,0,1,2,A,-,06,21750,A,N,D,G,A,A,H,-,A,D,0,,Y,,,Y,,L,04,0,1,0,0,0,0,1,0,0,"- ","- ",,,"LOS ANGELES",BURBANK,-118.32292938232422,34.171920776367188
82193840,2023,2023-10-09,1912,2023-08-30,1459,12451,,3,5,6,1912,0,0,0,,0,,"EDISON BOULEVARD","BURBANK BOULEVARD",10.00,S,N,A,-,N,,,,,,,,,,N,4,0,1,2,A,-,17,22109,,N,C,C,A,A,H,-,A,A,0,,,,,Y,,A,01,0,0,1,0,0,0,0,0,0,"- ","- ",,,"LOS ANGELES",BURBANK,-118.35023498535156,34.174655914306641
82193841,2023,2023-10-09,1912,2023-08-30,1531,13208,1912,3,5,6,1912,0,0,0,,0,,"SAN FERNANDO BOULEVARD","DELAWARE ROAD",130.00,N,N,A,-,N,,,,,,,,,,N,3,0,1,2,A,-,09,21804,A,N,D,C,A,A,H,-,A,D,0,,,,,Y,,A,01,0,1,0,0,0,0,0,0,0,"- ","- ",34.187839508056641,-118.31851196289062,"LOS ANGELES",BURBANK,-118.31877136230469,34.188205718994141
82193843,2023,2023-10-09,1912,2023-09-01,"724 ",12451,,5,5,6,1912,0,0,0,,0,,"GLENOAKS BOULEVARD","VERDUGO AVENUE",0.00,,Y,A,-,N,,,,,,,,,,N,2,0,1,2,A,-,10,21950,A,N,G,B,B,A,H,-,A,A,0,Y,,,,Y,,I,20,1,0,0,0,1,0,0,0,0,"- ","- ",34.180828094482422,-118.30335235595703,"LOS ANGELES",BURBANK,-118.30320739746094,34.181011199951172
82193847,2023,2023-10-09,1912,2023-09-05,1345,13377,,2,5,6,1912,0,0,0,,0,,"TUJUNGA AVENUE","5TH STREET",186.00,W,N,B,-,N,,,,,,,,,,N,4,0,1,2,A,-,21,22106,,N,D,C,A,A,H,-,A,A,0,,,,,Y,,A,07,0,0,1,0,0,0,0,0,0,"- ","- ",34.182701110839844,-118.3031005859375,"LOS ANGELES",BURBANK,-118.30341339111328,34.182502746582031
82193848,2023,2023-10-09,1912,2023-09-05,1902,15454,,2,5,6,1912,0,0,0,,0,,"VICTORY PLACE","LAKE STREET",700.00,N,N,A,-,N,,,,,,,,,,Y,3,0,1,2,A,-,01,23152,A,N,E,I,A,A,H,-,A,D,0,,,,,Y,Y,A,01,0,1,0,0,0,0,0,0,0,"- ","- ",34.185791015625,-118.32241058349609,"LOS ANGELES",BURBANK,-118.32327270507812,34.187519073486328
82196818,2023,2023-10-12,1912,2023-08-31,1930,15454,,4,5,6,1912,0,0,0,,0,,"GLENOAKS BOULEVARD","ANGELENO AVENUE",0.00,,Y,A,-,N,,,,,,,,,,N,3,0,1,2,A,-,10,21950,A,N,G,B,B,A,H,-,C,A,0,Y,,,,Y,,A,07,0,1,0,0,1,0,0,0,0,"- ","- ",34.182270050048828,-118.30531311035156,"LOS ANGELES",BURBANK,-118.30521392822266,34.182449340820312
82197891,2023,2023-10-13,1912,2023-08-29,1139,11832,,2,5,6,1912,0,0,0,,0,,"I-5 N/B (GSF) TO ALAMEDA AVENUE","ALAMEDA AVENUE",0.00,,Y,A,-,Y,,,,,,,,,,N,4,0,1,2,A,-,03,22350,,N,C,C,A,A,H,-,A,A,0,,,,,Y,,D,22,0,0,1,0,0,0,0,0,0,"- ","- ",,,"LOS ANGELES",BURBANK,-118.30419921875,34.170337677001953
82197893,2023,2023-10-13,1912,2023-09-06,1648,13850,,3,5,6,1912,0,0,0,,0,,"GLENOAKS BOULEVARD","DELAWARE ROAD",0.00,,Y,A,-,N,,,,,,,,,,Y,4,0,1,2,A,-,12,21453,A,N,D,C,A,A,H,-,A,A,0,,,,,Y,,A,01,0,0,1,0,0,0,0,0,0,"- ","- ",,,"LOS ANGELES",BURBANK,-118.31596374511719,34.190296173095703
82197897,2023,2023-10-13,1912,2023-09-11,"903 ",11832,,1,5,6,1912,0,0,0,,0,,"BURBANK BOULEVARD","VICTORY PLACE",360.00,E,N,B,-,N,,,,,,,,,,N,4,0,1,2,A,-,03,22350,,N,C,C,A,A,H,-,A,A,0,,,,,Y,,A,07,0,0,1,0,0,0,0,0,0,"- ","- ",,,"LOS ANGELES",BURBANK,-118.32060241699219,34.184642791748047
82197899,2023,2023-10-13,1912,2023-09-11,1332,11832,,1,5,6,1912,0,0,0,,0,,"GLENOAKS BOULEVARD","KEELER STREET",0.00,,Y,A,-,N,,,,,,,,,,Y,3,0,5,3,A,-,09,21802,A,N,D,C,A,A,H,-,A,A,0,,,,,Y,,A,07,0,2,3,0,0,0,0,0,0,"- ","- ",,,"LOS ANGELES",BURBANK,-118.32728576660156,34.198570251464844
82197903,2023,2023-10-13,1912,2023-09-12,1320,11832,,2,5,6,1912,0,0,0,,0,,"VICTORY BOULEVARD","MAGNOLIA BOULEVARD",440.00,N,N,A,-,N,,,,,,,,,,Y,3,0,3,2,A,-,09,21804,A,N,A,C,A,A,H,-,A,D,0,,,,,Y,,-,"- ",0,1,2,0,0,0,0,0,0,"- ","- ",,,"LOS ANGELES",BURBANK,-118.3189697265625,34.178596496582031
82199571,2023,2023-10-16,1912,2023-09-14,1129,12451,,4,5,6,1912,0,0,0,,0,,"RIVERSIDE DRIVE","BUENA VISTA STREET",0.00,,Y,A,-,N,,,,,,,,,,N,3,0,1,1,A,-,12,21453,A,N,F,A,A,A,H,-,A,A,0,,,Y,,Y,,C,02,0,1,0,0,0,0,0,0,1,"- ","- ",,,"LOS ANGELES",BURBANK,-118.32617950439453,34.154155731201172
82199572,2023,2023-10-16,1912,2023-09-14,1152,12451,,4,5,6,1912,0,0,0,,0,,"MAGNOLIA BOULEVARD","FAIRVIEW STREET",0.00,,Y,A,-,N,,,,,,,,,,Y,3,0,1,2,A,-,09,21802,A,N,D,C,A,A,H,-,A,A,0,,,,,Y,,A,01,0,1,0,0,0,0,0,0,0,"- ","- ",,,"LOS ANGELES",BURBANK,-118.34091949462891,34.169921875
82208805,2023,2023-10-26,1912,2023-09-20,1715,12451,,3,5,6,1912,0,0,0,,0,,"ALAMEDA AVENUE","FLOWER STREET",0.00,,Y,A,-,N,,,,,,,,,,Y,4,0,1,3,A,-,12,21453,A,N,D,C,A,A,H,-,A,A,0,,,,,Y,,A,01,0,0,1,0,0,0,0,0,0,"- ","- ",,,"LOS ANGELES",BURBANK,-118.30301666259766,34.171390533447266
82220968,2023,2023-10-30,1912,2023-09-19,1933,15454,,2,5,6,1912,0,0,0,,0,,"MAGNOLIA BOULEVARD","HOLLYWOOD WAY",0.00,,Y,A,-,N,,,,,,,,,,N,3,0,2,2,A,-,12,21453,A,N,B,C,A,A,H,-,C,A,0,,,Y,,Y,,C,02,0,1,1,0,0,0,0,0,2,"- ","- ",34.167869567871094,-118.34697723388672,"LOS ANGELES",BURBANK,-118.34701538085938,34.167869567871094
82222578,2023,2023-10-30,1912,2023-09-27,1101,12451,,3,5,6,1912,0,0,0,,0,,"HOLLYWOOD WAY","WINONA AVENUE",0.00,,Y,A,-,N,,,,,,,,,,Y,3,0,2,2,A,-,12,21453,A,N,D,C,A,A,H,-,A,A,0,,,,,Y,,A,01,0,2,0,0,0,0,0,0,0,"- ","- ",34.199268341064453,-118.34886932373047,"LOS ANGELES",BURBANK,-118.34886932373047,34.199314117431641
82222579,2023,2023-11-01,1912,2023-09-27,1320,13387,,3,5,6,1912,0,0,0,,0,,"SAN FERNANDO BOULEVARD","AMHERST DRIVE",0.00,N,Y,A,-,N,,,,,,,,,,N,3,0,1,2,A,-,11,21451,C,F,G,B,B,A,H,-,A,A,0,Y,,,,Y,,N,60,0,1,0,0,1,0,0,0,0,"- ","- ",,,"LOS ANGELES",BURBANK,-118.32118225097656,34.189990997314453
82222580,2023,2023-10-30,1912,2023-09-28,1925,15490,,4,5,6,1912,0,0,0,,0,,"HOLLYWOOD WAY","WINONA AVENUE",0.00,,Y,A,-,N,,,,,,,,,,Y,3,0,2,2,A,-,09,21801,A,N,B,C,A,A,H,-,C,A,0,,,,,Y,,A,07,0,1,1,0,0,0,0,0,0,"- ","- ",34.199268341064453,-118.34886932373047,"LOS ANGELES",BURBANK,-118.34886932373047,34.199314117431641
82229563,2023,2023-11-07,1912,2023-10-06,2056,14578,,5,5,6,1912,0,0,0,,0,,"VICTORY PLACE","LAKE ST",0.00,,Y,A,-,N,,,,,,,,,,Y,3,0,1,2,A,-,01,23153,A,F,C,C,A,A,H,-,C,A,0,,,,Y,Y,Y,F,86,0,1,0,0,0,0,0,0,0,"- ","- ",,,"LOS ANGELES",BURBANK,-118.32242584228516,34.185726165771484
82231623,2023,2023-11-13,1912,2023-09-29,1045,12451,,5,5,6,1912,0,0,0,,0,,"VICTORY BOULEVARD","OLIVE AVENUE",0.00,,Y,B,-,N,,,,,,,,,,Y,4,0,2,3,A,-,12,21453,A,N,D,C,A,A,H,-,A,A,0,,,,,Y,,A,01,0,0,2,0,0,0,0,0,0,"- ","- ",34.173358917236328,-118.31662750244141,"LOS ANGELES",BURBANK,-118.31652069091797,34.173530578613281
82231624,2023,2024-06-05,1912,2023-10-02,"637 ",13387,,1,5,6,1912,0,0,0,,0,,"EAST ALLEY OF HOLLYWOOD WAY","MAGNOLIA BLVD",390.00,S,N,A,-,N,,,,,,,,,,N,4,0,1,4,A,-,09,21804,A,M,D,C,A,A,H,-,A,D,0,,,,,Y,,A,01,0,0,1,0,0,0,0,0,0,"- ","- ",,,"LOS ANGELES",BURBANK,,
82231625,2023,2023-11-09,1912,2023-10-03,1036,9393,,2,5,6,1912,0,0,0,,0,,"VICTORY PLACE","LAKE STREET",190.00,S,N,A,-,N,,,,,,,,,,N,4,0,1,2,A,-,07,21658,A,N,B,C,A,A,H,-,A,D,0,,,,,Y,,A,01,0,0,1,0,0,0,0,0,0,"- ","- ",34.185600280761719,-118.32248687744141,"LOS ANGELES",BURBANK,-118.32218933105469,34.185249328613281
82231626,2023,2023-11-09,1912,2023-10-04,1400,13387,,3,5,6,1912,0,0,0,,0,,"VICTORY BOULEVARD","ELMWOOD AVENUE (W)",0.00,,Y,A,-,N,,,,,,,,,,Y,3,0,2,2,A,-,09,21801,A,N,D,C,A,A,H,-,A,D,0,,,,,Y,,A,01,0,1,1,0,0,0,0,0,0,"- ","- ",,,"LOS ANGELES",BURBANK,-118.31018829345703,34.168418884277344
82231628,2023,2023-11-09,1912,2023-10-04,1919,13208,,3,5,6,1912,0,0,0,,0,,"HOLLYWOOD WAY","MAGNOLIA BOULEVARD",124.00,N,N,A,-,N,,,,,,,,,,Y,3,0,2,2,A,-,09,21804,A,N,D,C,A,A,H,-,C,D,0,,,,,Y,,A,01,0,2,0,0,0,0,0,0,0,"- ","- ",34.167869567871094,-118.34697723388672,"LOS ANGELES",BURBANK,-118.34716033935547,34.168186187744141
82233323,2023,2023-11-13,1912,2023-09-24,1925,13362,,7,5,6,1912,0,0,0,,0,,"ALAMEDA AVENUE","MAPLE STREET",0.00,,Y,A,-,N,,,,,,,,,,N,3,0,1,2,A,-,05,21651,A,F,A,C,A,A,H,-,C,D,0,,,,,Y,,D,22,0,1,0,0,0,0,0,0,0,"- ","- ",34.153129577636719,-118.34336853027344,"LOS ANGELES",BURBANK,-118.34334564208984,34.153110504150391
82233325,2023,2023-11-13,1912,2023-10-10,1402,11832,,2,5,6,1912,0,0,0,,0,,"VICTORY BOULEVARD","CHANDLER BOULEVARD",170.00,S,N,A,-,N,,,,,,,,,,Y,4,0,2,2,A,-,09,21804,A,N,D,C,A,A,H,-,A,D,0,,,,,Y,,A,01,0,0,2,0,0,0,0,0,0,"- ","- ",,,"LOS ANGELES",BURBANK,-118.31980895996094,34.180316925048828
82233326,2023,2023-11-13,1912,2023-10-10,1727,11832,,2,5,6,1912,0,0,0,,0,,"BUENA VISTA STREET","VERDUGO AVENUE",95.00,N,N,A,-,N,,,,,,,,,,N,4,0,2,2,A,-,03,22350,,N,C,C,A,A,H,-,A,A,0,,,,,Y,,A,01,0,0,2,0,0,0,0,0,0,"- ","- ",,,"LOS ANGELES",BURBANK,-118.33155822753906,34.165313720703125
82233602,2023,2023-11-13,1912,2023-10-10,1445,9393,,2,5,6,1912,0,0,0,,0,,"HOLLYWOOD WAY","MAGNOLIA BOULEVARD",660.00,N,N,A,-,N,,,,,,,,,,N,3,0,1,2,A,-,07,21658,A,N,B,C,A,A,H,-,A,D,0,,,Y,,Y,,A,01,0,1,0,0,0,0,0,0,1,"- ","- ",34.167869567871094,-118.34697723388672,"LOS ANGELES",BURBANK,-118.34782409667969,34.169548034667969
82233604,2023,2023-11-13,1912,2023-10-11,1937,15454,,3,5,6,1912,0,0,0,,0,,"KENNETH ROAD","KEYSTONE STREET",0.00,,Y,A,-,N,,,,,,,,,,N,3,0,2,2,A,-,09,21802,A,N,D,C,A,A,H,-,C,A,0,,,,,Y,,A,07,0,1,1,0,0,0,0,0,0,"- ","- ",34.206279754638672,-118.33336639404297,"LOS ANGELES",BURBANK,-118.33341979980469,34.206390380859375
82236185,2023,2023-11-15,1912,2023-10-14,"842 ",11822,BURBA,6,5,6,1912,0,0,0,,0,,"ALAMEDA AVENUE","SAN FERNANDO BOULEVARD",0.00,,Y,A,-,N,,,,,,,,,,N,3,0,1,2,A,-,10,21950,A,N,G,B,B,A,H,-,A,A,0,Y,,,,Y,,A,01,0,1,0,0,1,0,0,0,0,"- ","- ",34.1744384765625,-118.29988861083984,"LOS ANGELES",BURBANK,-118.29988098144531,34.174423217773438
82236186,2023,2023-11-15,1912,2023-10-14,1040,14609,1912,6,5,6,1912,0,0,0,,0,00J,"EMPIRE AVENUE","CLYBOURN AVENUE",2385.00,E,N,A,-,N,,,,,,,,,,Y,2,0,2,2,A,-,09,21801,A,N,C,C,A,A,H,-,A,D,0,,,,,Y,,A,01,1,0,1,0,0,0,0,0,0,"- ","- ",34.194358825683594,-118.36100769042969,"LOS ANGELES",BURBANK,-118.35338592529297,34.193103790283203
82237358,2023,2023-11-16,1912,2023-08-25,1500,14849,,5,5,6,1912,0,0,0,,0,,"6TH STREET","CEDAR AVENUE",200.00,N,N,A,-,N,,,,,,,,,,Y,4,0,1,2,A,-,09,21804,A,N,D,C,A,A,H,-,A,D,0,,,,,Y,,A,01,0,0,1,0,0,0,0,0,0,"- ","- ",34.181190490722656,-118.29785919189453,"LOS ANGELES",BURBANK,-118.29837036132812,34.181529998779297
82237359,2023,2023-11-16,1912,2023-10-06,1350,15454,,5,5,6,1912,0,0,0,,0,,"GLENOAKS BOULEVARD","DARTMOUTH ROAD",100.00,N,N,A,-,N,,,,,,,,,,N,4,0,4,2,A,-,03,22350,,N,C,C,A,A,H,-,A,D,0,,,,,Y,,A,01,0,0,4,0,0,0,0,0,0,"- ","- ",34.196010589599609,-118.32379913330078,"LOS ANGELES",BURBANK,-118.32404327392578,34.196186065673828
82237360,2023,2023-11-17,1912,2023-10-11,1906,13208,,3,5,6,1912,0,0,0,,0,,"1ST STREET","MAGNOLIA BOULEVARD",0.00,,Y,A,-,N,,,,,,,,,,Y,3,0,1,2,A,-,12,21453,A,N,D,C,A,A,H,-,C,A,0,,,,,Y,,A,01,0,1,0,0,0,0,0,0,0,"- ","- ",34.181900024414062,-118.31301116943359,"LOS ANGELES",BURBANK,-118.31300354003906,34.181884765625
82237361,2023,2023-11-16,1912,2023-10-12,"851 ",12451,,4,5,6,1912,0,0,0,,0,,"SAN FERNANDO BOULEVARD","HOLLYWOOD WAY",425.00,N,N,A,-,N,,,,,,,,,,Y,4,0,1,2,A,-,07,21658,A,N,B,C,A,A,H,-,A,D,0,,,,,Y,,-,"- ",0,0,1,0,0,0,0,0,0,"- ","- ",,,"LOS ANGELES",BURBANK,-118.34989929199219,34.206043243408203
82238469,2023,2023-11-17,1912,2023-10-09,1241,13387,,1,5,6,1912,0,0,0,,0,,"BURBANK BOULEVARD","EDISON BOULEVARD",0.00,,Y,A,-,N,,,,,,,,,,Y,4,0,2,2,A,-,12,21453,A,N,D,C,A,A,H,-,A,A,0,,,,,Y,,A,07,0,0,2,0,0,0,0,0,0,"- ","- ",,,"LOS ANGELES",BURBANK,-118.35025024414062,34.1746826171875
82238470,2023,2023-11-17,1912,2023-10-10,"741 ",11832,,2,5,6,1912,0,0,0,,0,,"HOLLYWOOD WAY","JEFFRIES AVENUE",120.00,S,N,B,-,N,,,,,,,,,,N,3,0,2,2,A,-,08,22107,,N,D,C,A,A,H,-,A,D,0,,,,,Y,,A,07,0,1,1,0,0,0,0,0,0,"- ","- ",,,"LOS ANGELES",BURBANK,-118.3492431640625,34.180751800537109