CASE_ID,ACCIDENT_YEAR,PROC_DATE,JURIS,COLLISION_DATE,COLLISION_TIME,OFFICER_ID,REPORTING_DISTRICT,DAY_OF_WEEK,CHP_SHIFT,POPULATION,CNTY_CITY_LOC,SPECIAL_COND,BEAT_TYPE,CHP_BEAT_TYPE,CITY_DIVISION_LAPD,CHP_BEAT_CLASS,BEAT_NUMBER,PRIMARY_RD,SECONDARY_RD,DISTANCE,DIRECTION,INTERSECTION,WEATHER_1,WEATHER_2,STATE_HWY_IND,CALTRANS_COUNTY,CALTRANS_DISTRICT,STATE_ROUTE,ROUTE_SUFFIX,POSTMILE_PREFIX,POSTMILE,LOCATION_TYPE,RAMP_INTERSECTION,SIDE_OF_HWY,TOW_AWAY,COLLISION_SEVERITY,NUMBER_KILLED,NUMBER_INJURED,PARTY_COUNT,PRIMARY_COLL_FACTOR,PCF_CODE_OF_VIOL,PCF_VIOL_CATEGORY,PCF_VIOLATION,PCF_VIOL_SUBSECTION,HIT_AND_RUN,TYPE_OF_COLLISION,MVIW,PED_ACTION,ROAD_SURFACE,ROAD_COND_1,ROAD_COND_2,LIGHTING,CONTROL_DEVICE,CHP_ROAD_TYPE,PEDESTRIAN_ACCIDENT,BICYCLE_ACCIDENT,MOTORCYCLE_ACCIDENT,TRUCK_ACCIDENT,NOT_PRIVATE_PROPERTY,ALCOHOL_INVOLVED,STWD_VEHTYPE_AT_FAULT,CHP_VEHTYPE_AT_FAULT,COUNT_SEVERE_INJ,COUNT_VISIBLE_INJ,COUNT_COMPLAINT_PAIN,COUNT_PED_KILLED,COUNT_PED_INJURED,COUNT_BICYCLIST_KILLED,COUNT_BICYCLIST_INJURED,COUNT_MC_KILLED,COUNT_MC_INJURED,PRIMARY_RAMP,SECONDARY_RAMP,LATITUDE,LONGITUDE,COUNTY,CITY,POINT_X,POINT_Y
82238471,2023,2023-11-17,1912,2023-10-16,"824 ",9393,,1,5,6,1912,0,0,0,,0,,"BUENA VISTA STREET","VICTORY BOULEVARD",150.00,N,N,A,-,N,,,,,,,,,,N,4,0,2,2,A,-,21,22106,,N,C,C,A,A,H,-,A,A,0,,,,,Y,,A,01,0,0,2,0,0,0,0,0,0,"- ","- ",34.184539794921875,-118.33831787109375,"LOS ANGELES",BURBANK,-118.33834075927734,34.185012817382812
82238473,2023,2023-11-17,1912,2023-10-17,"830 ",11832,,2,5,6,1912,0,0,0,,0,,"VERDUGO AVENUE","NAOMI STREET",75.00,E,N,A,-,N,,,,,,,,,,Y,4,0,1,3,A,-,03,22350,,N,C,C,A,A,H,-,A,D,0,,,,,Y,,A,01,0,0,1,0,0,0,0,0,0,"- ","- ",,,"LOS ANGELES",BURBANK,-118.33333587646484,34.164451599121094
82239633,2023,2023-11-20,1912,2023-10-08,1323,14446,,7,5,6,1912,0,0,0,,0,,"VICTORY BOULEVARD","BUENA VISTA STREET",0.00,,Y,A,-,N,,,,,,,,,,Y,2,0,2,2,A,-,09,21801,A,N,A,C,A,A,H,-,A,A,0,,,,,Y,,A,01,1,1,0,0,0,0,0,0,0,"- ","- ",34.184539794921875,-118.33831787109375,"LOS ANGELES",BURBANK,-118.33834838867188,34.184600830078125
82239904,2023,2023-11-20,1912,2023-10-18,1620,16068,,3,5,6,1912,0,0,0,,0,,"NAOMI STREET","VICTORY BOULEVARD",9.00,S,N,A,-,N,,,,,,,,,,N,3,0,1,2,A,-,03,22350,,N,H,G,A,A,H,-,A,D,0,,Y,,,Y,,A,01,0,1,0,0,0,0,1,0,0,"- ","- ",34.184478759765625,-118.34058380126953,"LOS ANGELES",BURBANK,-118.34053039550781,34.184597015380859
82243349,2023,2023-12-12,1912,2023-10-19,1613,12451,,4,5,6,1912,0,0,0,,0,,"OLIVE AVENUE","PARISH PLACE",310.00,W,N,A,-,N,,,,,,,,,,Y,4,0,1,2,A,-,09,21804,A,F,D,C,A,A,H,-,A,A,0,,,,,Y,,A,07,0,0,1,0,0,0,0,0,0,"- ","- ",,,"LOS ANGELES",BURBANK,-118.32534027099609,34.165180206298828
82243350,2023,2023-11-23,1912,2023-10-19,1935,14849,,4,5,6,1912,0,0,0,,0,,"GLENOAKS BOULEVARD","MAGNOLIA BOULEVARD",35.00,N,N,A,-,N,,,,,,,,,,N,3,0,1,2,A,-,11,21954,A,N,G,B,D,A,H,-,C,A,0,Y,,,,Y,,N,60,0,1,0,0,1,0,0,0,0,"- ","- ",34.185199737548828,-118.30930328369141,"LOS ANGELES",BURBANK,-118.30931091308594,34.185443878173828
82243351,2023,2023-11-27,1912,2023-10-20,1310,13208,,5,5,6,1912,0,0,0,,0,,"BURBANK BOULEVARD","3RD STREET",150.00,W,N,A,-,N,,,,,,,,,,Y,4,0,1,2,A,-,06,21750,A,N,B,C,A,A,H,-,A,D,0,,,,,Y,,A,01,0,0,1,0,0,0,0,0,0,"- ","- ",34.187431335449219,-118.31482696533203,"LOS ANGELES",BURBANK,-118.31517791748047,34.1871337890625
82243620,2023,2023-11-24,1912,2023-10-23,1505,11832,,1,5,6,1912,0,0,0,,0,,"VERDUGO AVENUE","BEACHWOOD DRIVE",160.00,W,N,A,-,N,,,,,,,,,,N,4,0,1,2,A,-,21,22106,,N,B,C,A,A,H,-,A,D,0,,,,,Y,,A,01,0,0,1,0,0,0,0,0,0,"- ","- ",,,"LOS ANGELES",BURBANK,-118.32170104980469,34.168369293212891
82243622,2023,2023-11-24,1912,2023-10-23,2126,15407,,1,5,6,1912,0,0,0,,0,,"FRONT STREET","VERDUGO AVENUE",0.00,,Y,A,-,N,,,,,,,,,,N,4,0,2,2,A,-,03,22350,,N,A,C,A,A,H,-,C,D,0,,,,,Y,,A,01,0,0,2,0,0,0,0,0,0,"- ","- ",34.176471710205078,-118.30789184570312,"LOS ANGELES",BURBANK,-118.30827331542969,34.176357269287109
82244383,2023,2023-11-27,1912,2023-10-12,"812 ",13377,,4,5,6,1912,0,0,0,,0,,"EDISON BOULEVARD","BURBANK BOULEVARD",24.00,E,N,A,-,N,,,,,,,,,,N,3,0,1,2,A,-,10,21950,A,N,G,B,B,A,H,-,A,A,0,Y,,,,Y,,A,01,0,1,0,0,1,0,0,0,0,"- ","- ",,,"LOS ANGELES",BURBANK,-118.3502197265625,34.174617767333984
82244385,2023,2023-11-27,1912,2023-10-24,1542,9393,,2,5,6,1912,0,0,0,,0,,"EMPIRE AVENUE","BRIGHTON STREET",0.00,,Y,A,-,N,,,,,,,,,,N,4,0,2,2,A,-,09,21802,A,N,D,C,A,A,H,-,A,A,0,,,,,Y,,A,07,0,0,2,0,0,0,0,0,0,"- ","- ",34.191738128662109,-118.33698272705078,"LOS ANGELES",BURBANK,-118.33692169189453,34.191898345947266
82244387,2023,2023-11-27,1912,2023-10-25,"833 ",9393,,3,5,6,1912,0,0,0,,0,,"BURBANK BOULEVARD","VICTORY BOULEVARD (W)",80.00,E,N,B,C,N,,,,,,,,,,N,4,0,2,2,A,-,03,22350,,N,C,C,A,A,H,-,A,A,0,,,,,Y,,A,07,0,0,2,0,0,0,0,0,0,"- ","- ",,,"LOS ANGELES",BURBANK,-118.32297515869141,34.183879852294922
82250303,2023,2023-12-04,1912,2023-10-27,2233,15490,,5,5,6,1912,0,0,0,,0,,"RT 5 SBOFF/R","FRONT STREET",0.00,,Y,A,-,Y,,,,,,,,,,Y,3,0,1,1,A,-,01,23152,A,N,E,I,A,A,H,-,C,A,0,,,,,Y,Y,A,07,0,1,0,0,0,0,0,0,0,"- ","- ",34.177169799804688,-118.30980682373047,"LOS ANGELES",BURBANK,-118.30970499999999,34.177345000000003
82250305,2023,2023-12-04,1912,2023-10-30,1458,11832,,1,5,6,1912,0,0,0,,0,,"ORANGE GROVE AVENUE","7TH STREET",0.00,,Y,B,-,N,,,,,,,,,,Y,3,0,3,2,A,-,09,21802,A,N,D,C,A,A,H,-,A,A,0,,,,,Y,,A,01,0,1,2,0,0,0,0,0,0,"- ","- ",,,"LOS ANGELES",BURBANK,-118.30361175537109,34.187419891357422
82250306,2023,2023-12-04,1912,2023-10-30,1808,11832,,1,5,6,1912,0,0,0,,0,,"OLIVE AVENUE","LAKE STREET",0.00,,Y,A,-,N,,,,,,,,,,Y,3,0,2,2,A,-,12,21453,A,N,D,C,A,A,H,-,B,A,0,,,,,Y,,A,07,0,1,1,0,0,0,0,0,0,"- ","- ",,,"LOS ANGELES",BURBANK,-118.31436920166016,34.175575256347656
82250308,2023,2023-12-04,1912,2023-10-31,1115,9393,,2,5,6,1912,0,0,0,,0,,"VICTORY BOULEVARD","HOLLYWOOD WAY",0.00,,Y,A,-,N,,,,,,,,,,N,4,0,1,2,A,-,03,22350,,N,C,C,A,A,H,-,A,A,0,,,,,Y,,A,01,0,0,1,0,0,0,0,0,0,"- ","- ",,,"LOS ANGELES",BURBANK,-118.34915924072266,34.184719085693359
82250813,2023,2023-12-04,1912,2023-10-29,1943,14849,,7,5,6,1912,0,0,0,,0,,"OLIVE AVENUE","REESE PLACE",145.00,W,N,A,-,N,,,,,,,,,,N,2,0,1,2,A,-,09,21801,A,F,D,C,A,A,H,-,C,A,0,,,Y,,Y,,A,01,1,0,0,0,0,0,0,0,1,"- ","- ",34.167221069335938,-118.32315826416016,"LOS ANGELES",BURBANK,-118.32334899902344,34.167049407958984
82250820,2023,2023-12-04,1912,2023-11-01,2310,15482,,3,5,6,1912,0,0,0,,0,,"7TH STREET","TUJUNGA AVENUE",0.00,,Y,A,-,N,,,,,,,,,,N,3,0,1,2,A,-,12,22450,A,N,D,C,A,A,H,-,C,D,0,,,,,Y,,A,01,0,1,0,0,0,0,0,0,0,"- ","- ",34.185218811035156,-118.300537109375,"LOS ANGELES",BURBANK,-118.30059814453125,34.185176849365234
82252456,2023,2023-12-05,1912,2023-10-20,2036,14634,,5,5,6,1912,0,0,0,,0,E/F,"BUENA VISTA STREET","MAGNOLIA BOULEVARD",50.00,S,N,A,-,N,,,,,,,,,,N,3,0,1,2,A,-,03,22350,,N,C,C,A,A,H,-,C,A,0,,,,,Y,,A,07,0,1,0,0,0,0,0,0,0,"- ","- ",34.171970367431641,-118.33474731445312,"LOS ANGELES",BURBANK,-118.33469390869141,34.171844482421875
82257642,2023,2023-12-11,1912,2023-11-02,1003,13377,,4,5,6,1912,0,0,0,,0,,"BUENA VISTA STREET","CLARK AVENUE",0.00,,Y,A,-,N,,,,,,,,,,Y,4,0,1,2,A,-,12,21453,A,N,D,C,A,A,H,-,A,A,0,,,Y,,Y,,A,07,0,0,1,0,0,0,0,0,1,"- ","- ",,,"LOS ANGELES",BURBANK,-118.33306121826172,34.168491363525391
82257643,2023,2023-12-11,1912,2023-11-07,"622 ",11832,,2,5,6,1912,0,0,0,,0,,"OLIVE AVENUE","TOLUCA LAKE AVENUE",290.00,S,N,B,-,N,,,,,,,,,,N,3,0,1,2,A,-,10,21950,A,N,G,B,B,A,H,-,A,A,0,Y,,,,Y,,A,07,0,1,0,0,1,0,0,0,0,"- ","- ",,,"LOS ANGELES",BURBANK,-118.34194183349609,34.147556304931641
82258157,2023,2023-12-11,1912,2023-10-23,1443,13387,,1,5,6,1912,0,0,0,,0,,"BUENA VISTA STREET","VICTORY BOULEVARD",340.00,S,N,A,-,N,,,,,,,,,,Y,4,0,2,2,A,-,09,21804,A,N,D,C,A,A,H,-,A,D,0,,,,,Y,,A,01,0,0,2,0,0,0,0,0,0,"- ","- ",34.184429168701172,-118.33841705322266,"LOS ANGELES",BURBANK,-118.33836364746094,34.183666229248047
82258158,2023,2023-12-11,1912,2023-10-24,1342,13387,,2,5,6,1912,0,0,0,,0,,"HOLLYWOOD WAY","JEFFRIES AVENUE",440.00,N,N,A,-,N,,,,,,,,,,N,3,0,1,2,A,-,09,21804,B,N,D,G,A,A,H,-,A,D,0,,Y,,,Y,,M,91,0,1,0,0,0,0,1,0,0,"- ","- ",34.181068420410156,-118.34918212890625,"LOS ANGELES",BURBANK,-118.34921264648438,34.182285308837891
82262630,2023,2023-12-15,1912,2023-11-13,1931,15482,,1,5,6,1912,0,0,0,,0,,"PROVIDENCIA AVENUE","GLENOAKS BOULEVARD",5.00,E,N,A,-,N,,,,,,,,,,N,3,0,1,2,A,-,17,21451,A,N,G,B,B,A,H,-,C,A,0,Y,,,,Y,,A,01,0,1,0,0,1,0,0,0,0,"- ","- ",34.179641723632812,-118.30133819580078,"LOS ANGELES",BURBANK,-118.30134582519531,34.179641723632812
82264023,2023,2023-12-18,1912,2023-11-14,1851,15407,,2,5,6,1912,0,0,0,,0,,"HARVARD ROAD","3RD STREET",0.00,,Y,A,-,N,,,,,,,,,,N,2,0,1,2,D,-,00,,,N,G,B,D,A,H,-,C,D,0,Y,,,,Y,Y,-,"- ",1,0,0,0,1,0,0,0,0,"- ","- ",34.186161041259766,-118.31310272216797,"LOS ANGELES",BURBANK,-118.31314849853516,34.186195373535156
82264247,2023,2023-12-18,1912,2023-11-14,1106,13387,,2,5,6,1912,0,0,0,,0,,"3RD STREET","CORNELL DRIVE",0.00,,Y,A,-,N,,,,,,,,,,N,3,0,2,2,A,-,12,22450,A,N,D,C,A,A,H,-,A,A,0,,,,,Y,,A,01,0,1,1,0,0,0,0,0,0,"- ","- ",,,"LOS ANGELES",BURBANK,-118.31809997558594,34.189777374267578
82264249,2023,2023-12-18,1912,2023-11-15,1420,12451,,3,5,6,1912,0,0,0,,0,,"RIVERSIDE DRIVE","BUENA VISTA STREET",500.00,W,N,B,C,N,,,,,,,,,,Y,3,0,1,2,A,-,07,21658,A,N,D,C,A,B,H,-,A,D,0,,,,,Y,,A,07,0,1,0,0,0,0,0,0,0,"- ","- ",34.154121398925781,-118.326171875,"LOS ANGELES",BURBANK,-118.32688140869141,34.152923583984375
82264252,2023,2023-12-18,1912,2023-11-16,"901 ",13208,,4,5,6,1912,0,0,0,,0,,"GLENOAKS BOULEVARD","KENNETH ROAD",0.00,,Y,B,-,N,,,,,,,,,,Y,3,0,1,2,A,-,09,21804,A,N,D,C,A,B,H,-,A,A,0,,,,,Y,,A,01,0,1,0,0,0,0,0,0,0,"- ","- ",34.205848693847656,-118.33981323242188,"LOS ANGELES",BURBANK,-118.33982086181641,34.205902099609375
82265398,2023,2023-12-19,1912,2023-11-17,"804 ",15508,,5,5,6,1912,0,0,0,,0,,"GLENOAKS BOULEVARD","ANDOVER DRIVE",25.00,S,N,A,-,N,,,,,,,,,,N,4,0,1,2,A,-,12,21453,A,N,D,D,A,A,H,-,A,A,0,,,,,Y,,A,01,0,0,1,0,0,0,0,0,0,"- ","- ",34.194049835205078,-118.32109832763672,"LOS ANGELES",BURBANK,-118.32099914550781,34.193984985351562
82265399,2023,2023-12-19,1912,2023-11-17,1539,15508,,5,5,6,1912,0,0,0,,0,,"AMHERST DRIVE","GLENOAKS BOULEVARD",53.00,E,N,A,-,N,,,,,,,,,,N,3,0,1,2,A,-,03,22350,,N,C,G,A,A,H,-,A,D,0,,Y,,,Y,,L,04,0,1,0,0,0,0,1,0,0,"- ","- ",34.192131042480469,-118.31873321533203,"LOS ANGELES",BURBANK,-118.31854248046875,34.192378997802734
82266684,2023,2023-12-20,1912,2023-11-18,"303 ",15554,,6,5,6,1912,0,0,0,,0,,"BURBANK BOULEVARD","N VICTORY BL",342.00,W,N,C,-,N,,,,,,,,,,Y,3,0,1,1,A,-,01,23152,A,N,E,I,A,B,H,-,C,A,0,,,,,Y,Y,A,01,0,1,0,0,0,0,0,0,0,"- ","- ",34.183578491210938,-118.32334899902344,"LOS ANGELES",BURBANK,-118.32276153564453,34.183952331542969
82267773,2023,2023-12-21,1912,2023-11-19,"233 ",14849,,7,5,6,1912,0,0,0,,0,,"HOLLYWOOD WAY","OAK STREET",0.00,,Y,B,C,N,,,,,,,,,,Y,3,0,1,2,A,-,01,23153,A,N,D,C,A,B,H,-,C,A,0,,,,,Y,Y,A,01,0,1,0,0,0,0,0,0,0,"- ","- ",34.157569885253906,-118.34195709228516,"LOS ANGELES",BURBANK,-118.34199523925781,34.157573699951172
82268804,2023,2023-12-22,1912,2023-11-20,1451,13387,,1,5,6,1912,0,0,0,,0,,"VICTORY BOULEVARD","VERDUGO AVENUE",0.00,,Y,A,-,N,,,,,,,,,,N,4,0,1,2,A,-,08,22107,,N,B,C,A,A,H,-,A,A,0,,,,,Y,,A,01,0,0,1,0,0,0,0,0,0,"- ","- ",34.170558929443359,-118.31504058837891,"LOS ANGELES",BURBANK,-118.31507873535156,34.170570373535156
82268805,2023,2023-12-22,1912,2023-11-21,"635 ",13387,,2,5,6,1912,0,0,0,,0,,"KENNETH ROAD","HARVARD ROAD",27.00,S,N,A,-,N,,,,,,,,,,N,4,0,1,2,A,-,10,21950,A,N,G,B,B,A,H,-,A,A,0,Y,,,,Y,,A,08,0,0,1,0,1,0,0,0,0,"- ","- ",34.192150115966797,-118.30726623535156,"LOS ANGELES",BURBANK,-118.30714416503906,34.192050933837891
82270229,2023,2023-12-25,1912,2023-11-21,1125,13387,,2,5,6,1912,0,0,0,,0,,"ORANGE GROVE AVENUE","1ST STREET",0.00,,Y,A,-,N,,,,,,,,,,Y,4,0,1,2,A,-,12,21453,A,N,D,C,A,A,H,-,A,A,0,,,,,Y,,D,22,0,0,1,0,0,0,0,0,0,"- ","- ",,,"LOS ANGELES",BURBANK,-118.31101989746094,34.180442810058594
82270230,2023,2023-12-25,1912,2023-11-21,1254,13377,,2,5,6,1912,0,0,0,,0,,"ALAMEDA AVENUE","SAN FERNANDO BOULEVARD",204.00,E,N,A,-,N,,,,,,,,,,N,4,0,1,2,A,-,21,22106,,N,D,C,A,A,H,-,A,D,0,,,,,Y,,D,22,0,0,1,0,0,0,0,0,0,"- ","- ",,,"LOS ANGELES",BURBANK,-118.2994384765625,34.174842834472656
82270231,2023,2023-12-25,1912,2023-11-21,1726,9393,,2,5,6,1912,0,0,0,,0,,"VICTORY BOULEVARD","ALAMEDA AVENUE",50.00,S,N,A,-,N,,,,,,,,,,Y,3,0,1,1,A,-,08,22107,,N,E,I,A,A,H,-,C,A,0,,,,,Y,,A,07,0,1,0,0,0,0,0,0,0,"- ","- ",,,"LOS ANGELES",BURBANK,-118.30782318115234,34.166690826416016
82270460,2023,2023-12-26,1912,2023-11-22,2315,15407,,3,5,6,1912,0,0,0,,0,,"SAN FERNANDO BOULEVARD","ANDOVER DRIVE",0.00,,Y,A,-,N,,,,,,,,,,N,2,0,2,3,A,-,01,23153,A,N,A,E,A,A,H,-,C,D,0,,,,,Y,Y,A,01,2,0,0,0,0,0,0,0,0,"- ","- ",34.191631317138672,-118.32366180419922,"LOS ANGELES",BURBANK,-118.32354736328125,34.191513061523438
82273039,2023,2023-12-28,1912,2023-11-26,1622,13345,,7,5,6,1912,0,0,0,,0,,"EMPIRE AVENUE","BUENA VISTA STREET",0.00,,Y,A,-,N,,,,,,,,,,N,4,0,2,2,D,-,00,,,N,D,C,A,A,H,-,A,A,0,,,,,Y,,-,"- ",0,0,2,0,0,0,0,0,0,"- ","- ",34.191761016845703,-118.33805847167969,"LOS ANGELES",BURBANK,-118.33802795410156,34.191818237304688
82274406,2023,2023-12-29,1912,2023-11-14,1634,11832,,2,5,6,1912,0,0,0,,0,,"GLENOAKS BOULEVARD","MAGNOLIA BOULEVARD",150.00,S,N,A,-,N,,,,,,,,,,N,3,0,1,2,A,-,11,21954,A,N,G,B,D,A,H,-,B,A,0,Y,,,,Y,,N,60,0,1,0,0,1,0,0,0,0,"- ","- ",,,"LOS ANGELES",BURBANK,-118.30884552001953,34.185111999511719
82275679,2023,2024-01-01,1912,2023-11-24,1414,15454,,5,5,6,1912,0,0,0,,0,,"RIVERSIDE DRIVE","ROSE STREET",60.00,W,N,A,-,N,,,,,,,,,,Y,3,0,1,2,A,-,09,21804,A,N,D,C,A,A,H,-,A,D,0,,,,,Y,,A,01,0,1,0,0,0,0,0,0,0,"- ","- ",34.15216064453125,-118.34670257568359,"LOS ANGELES",BURBANK,-118.34666442871094,34.152225494384766
82275682,2023,2024-01-01,1912,2023-11-29,"948 ",12451,,3,5,6,1912,0,0,0,,0,,"ALAMEDA AVENUE","MAIN STREET",0.00,,Y,B,-,N,,,,,,,,,,Y,4,0,2,2,A,-,09,21801,A,N,A,C,A,A,H,-,A,A,0,,,,,Y,,A,01,0,0,2,0,0,0,0,0,0,"- ","- ",,,"LOS ANGELES",BURBANK,-118.31174468994141,34.163692474365234
82275684,2023,2024-01-01,1912,2023-11-30,"130 ",14768,,4,5,6,1912,0,0,0,,0,00J,"BURBANK BOULEVARD","HOLLYWOOD WAY",0.00,,Y,A,-,N,,,,,,,,,,Y,3,0,2,2,A,-,12,21453,A,N,D,C,A,A,H,-,C,A,0,,,,,Y,,A,01,0,2,0,0,0,0,0,0,0,"- ","- ",34.174968719482422,-118.34932708740234,"LOS ANGELES",BURBANK,-118.34933471679688,34.17498779296875
82281044,2023,2024-01-08,1912,2023-11-25,1803,16064,1912,6,5,6,1912,0,0,0,,0,G/H,"MAGNOLIA BOULEVARD","VALLEY STREET",106.00,E,N,A,-,N,,,,,,,,,,N,2,0,1,2,A,-,11,21955,,N,G,B,D,A,H,-,C,D,0,Y,,,,Y,,N,60,1,0,0,0,1,0,0,0,0,"- ","- ",34.165481567382812,-118.35417938232422,"LOS ANGELES",BURBANK,-118.35372924804688,34.165618896484375
82281203,2023,2024-01-08,1912,2023-11-30,1127,13387,,4,5,6,1912,0,0,0,,0,,"MAGNOLIA BOULEVARD","SAN FERNANDO BOULEVARD",0.00,,Y,A,-,N,,,,,,,,,,Y,3,0,2,2,A,-,09,21801,A,N,D,C,A,A,H,-,A,A,0,,,,,Y,,A,01,0,1,1,0,0,0,0,0,0,"- ","- ",,,"LOS ANGELES",BURBANK,-118.31169891357422,34.183078765869141
82281205,2023,2024-01-08,1912,2023-12-01,1305,15454,,5,5,6,1912,0,0,0,,0,,"ALAMEDA AVENUE","FREDERIC STREET",100.00,E,N,A,-,N,,,,,,,,,,Y,4,0,2,2,A,-,07,21658,A,N,B,C,A,A,H,-,A,D,0,,,,,Y,,A,07,0,0,2,0,0,0,0,0,0,"- ","- ",34.157878875732422,-118.32911682128906,"LOS ANGELES",BURBANK,-118.32883453369141,34.157989501953125
82281206,2023,2024-01-08,1912,2023-12-05,"809 ",13387,,2,5,6,1912,0,0,0,,0,,"THORNTON AVENUE","ONTARIO STREET",0.00,,Y,A,-,N,,,,,,,,,,N,4,0,1,2,A,-,10,21950,A,N,G,B,B,A,H,-,A,A,0,Y,,,,Y,,A,07,0,0,1,0,1,0,0,0,0,"- ","- ",,,"LOS ANGELES",BURBANK,-118.34452056884766,34.195606231689453
82281207,2023,2024-01-08,1912,2023-12-06,1656,14849,,3,5,6,1912,0,0,0,,0,,"MAGNOLIA BOULEVARD","1ST STREET",0.00,,Y,A,-,N,,,,,,,,,,N,4,0,1,2,A,-,09,21801,A,N,D,C,A,A,H,-,A,A,0,,,,,Y,,A,01,0,0,1,0,0,0,0,0,0,"- ","- ",34.181728363037109,-118.31310272216797,"LOS ANGELES",BURBANK,-118.31300354003906,34.181884765625
82281208,2023,2024-01-08,1912,2023-12-07,1126,12451,,4,5,6,1912,0,0,0,,0,,"HOLLYWOOD WAY","ALLAN AVENUE",70.00,N,N,A,-,N,,,,,,,,,,N,4,0,2,2,A,-,07,21658,A,N,B,C,A,A,H,-,A,D,0,,,,,Y,,A,07,0,0,2,0,0,0,0,0,0,"- ","- ",34.177379608154297,-118.34938812255859,"LOS ANGELES",BURBANK,-118.34929656982422,34.177650451660156
82283319,2023,2024-01-11,1912,2023-12-09,1640,16064,1912,6,5,6,1912,0,0,0,,0,I/J,"EMPIRE AVENUE","AIRPORT TERMINAL B ACCESS ROAD",0.00,,Y,A,-,N,,,,,,,,,,Y,2,0,2,2,A,-,03,22350,,N,A,C,A,A,H,-,B,A,0,,,,,Y,,A,01,1,1,0,0,0,0,0,0,0,"- ","- ",34.193218231201172,-118.35385894775391,"LOS ANGELES",BURBANK,-118.353859,34.193218000000002
82283320,2023,2024-01-10,1912,2023-12-10,1218,15652,1912,7,5,6,1912,0,0,0,,0,00E,"OLIVE AVENUE","VICTORY BOULEVARD",0.00,,Y,A,-,N,,,,,,,,,,Y,3,0,2,2,A,-,09,21801,A,N,A,C,A,A,H,-,A,A,0,,,,,Y,,A,01,0,2,0,0,0,0,0,0,0,"- ","- ",34.173358917236328,-118.31662750244141,"LOS ANGELES",BURBANK,-118.31652069091797,34.173530578613281
82285531,2023,2024-01-12,1912,2023-12-12,1030,11832,,2,5,6,1912,0,0,0,,0,,"HOLLYWOOD WAY","OAK STREET",0.00,,Y,A,-,N,,,,,,,,,,Y,4,0,1,2,A,-,12,21453,A,N,A,C,A,A,H,-,A,A,0,,,,Y,Y,,F,26,0,0,1,0,0,0,0,0,0,"- ","- ",,,"LOS ANGELES",BURBANK,-118.34199523925781,34.157573699951172
82286657,2023,2024-01-15,1912,2023-12-07,1447,15454,,4,5,6,1912,0,0,0,,0,,"LAKE STREET","ALAMEDA AVENUE",120.00,N,N,A,-,N,,,,,,,,,,N,4,0,1,2,A,-,03,22350,,N,C,C,A,A,H,-,A,D,0,,,,,Y,,D,22,0,0,1,0,0,0,0,0,0,"- ","- ",34.168918609619141,-118.30564880371094,"LOS ANGELES",BURBANK,-118.30580902099609,34.169319152832031
82289717,2023,2024-01-18,1912,2023-12-12,"946 ",13387,,2,5,6,1912,0,0,0,,0,,"ROSE STREET","CLARK AVENUE",450.00,N,N,A,-,N,,,,,,,,,,Y,4,0,2,2,A,-,06,21750,A,N,D,C,A,A,H,-,A,D,0,,,,,Y,,A,01,0,0,2,0,0,0,0,0,0,"- ","- ",,,"LOS ANGELES",BURBANK,-118.35195159912109,34.163520812988281
82289718,2023,2024-01-18,1912,2023-12-13,1705,13208,,3,5,6,1912,0,0,0,,0,,"VERDUGO AVENUE","BEACHWOOD DRIVE",0.00,,Y,A,-,N,,,,,,,,,,N,3,0,1,2,A,-,09,21802,A,N,D,C,A,A,H,-,B,A,0,,,,,Y,,A,01,0,1,0,0,0,0,0,0,0,"- ","- ",34.168388366699219,-118.32137298583984,"LOS ANGELES",BURBANK,-118.32121276855469,34.168525695800781
82289719,2023,2024-01-18,1912,2023-12-14,1342,13387,,4,5,6,1912,0,0,0,,0,,"EDISON BOULEVARD","BURBANK BOULEVARD",0.00,,Y,A,-,N,,,,,,,,,,N,4,0,1,2,A,-,12,21453,A,N,D,C,A,A,H,-,A,A,0,,,,,Y,,A,01,0,0,1,0,0,0,0,0,0,"- ","- ",,,"LOS ANGELES",BURBANK,-118.35025024414062,34.1746826171875
82289720,2023,2024-01-18,1912,2023-12-16,1734,14849,,6,5,6,1912,0,0,0,,0,,"BURBANK BOULEVARD","VICTORY BOULEVARD (W)",5.00,W,N,A,-,N,,,,,,,,,,N,2,0,1,2,A,-,11,21954,A,N,G,B,D,A,H,-,B,A,0,Y,,,,Y,,N,60,1,0,0,0,1,0,0,0,0,"- ","- ",34.183769226074219,-118.32327270507812,"LOS ANGELES",BURBANK,-118.32323455810547,34.183784484863281
82291186,2023,2024-01-22,1912,2023-12-18,1214,13387,,1,5,6,1912,0,0,0,,0,,"MANNING AVENUE","VICTORY BOULEVARD",575.00,N,N,A,B,N,,,,,,,,,,Y,4,0,1,3,A,-,06,21755,A,N,B,E,A,A,H,-,A,D,0,,,,,Y,,A,01,0,0,1,0,0,0,0,0,0,"- ","- ",,,"LOS ANGELES",BURBANK,-118.35848236083984,34.186447143554688
82292250,2023,2024-01-22,1912,2023-12-19,2226,14481,,2,5,6,1912,0,0,0,,0,,"ALAMEDA AVENUE","PASS AVENUE",0.00,,Y,C,-,N,,,,,,,,,,Y,3,0,1,2,A,-,09,21801,A,N,D,C,A,B,H,-,C,A,0,,,,,Y,,A,01,0,1,0,0,0,0,0,0,0,"- ","- ",34.15277099609375,-118.34438323974609,"LOS ANGELES",BURBANK,-118.34436798095703,34.152778625488281